date,temperature_2m,relative_humidity_2m,apparent_temperature,surface_pressure,wind_direction_10m,wind_speed_10m,soil_temperature_0cm,soil_moisture_0_to_1cm,pressure_msl,showers,rain,dew_point_2m,snowfall,snow_depth,cloud_cover
2025-08-01 00:00:00+00:00,14.0045,89.0,13.580982,998.009,228.81418,7.653705,13.6045,0.277,1012.7,0.0,0.0,12.219511,0.0,0.0,87.0
2025-08-01 01:00:00+00:00,13.7545,88.0,13.199314,997.7008,224.9999,7.6367526,13.3545,0.276,1012.4,0.0,0.0,11.801539,0.0,0.0,58.0
2025-08-01 02:00:00+00:00,13.554501,89.0,13.054863,997.4934,216.86998,7.2,13.5045,0.275,1012.2,0.0,0.0,11.775737,0.0,0.0,72.0
2025-08-01 03:00:00+00:00,13.6045,88.0,13.151178,996.9049,202.38017,6.6185193,13.1045,0.264,1011.6,0.0,0.0,11.653812,0.0,0.0,94.0
2025-08-01 04:00:00+00:00,13.4545,87.0,12.719944,996.60144,195.94547,7.8625183,13.2045,0.263,1011.3,0.0,0.0,11.333328,0.0,0.0,66.0
2025-08-01 05:00:00+00:00,14.9045,84.0,14.299793,996.3791,194.03627,8.905908,15.2545,0.263,1011.0,0.0,0.0,12.224466,0.0,0.0,100.0
2025-08-01 06:00:00+00:00,16.5545,78.0,16.20886,996.06744,195.25517,8.209263,17.2045,0.261,1010.6,0.0,0.0,12.703689,0.0,0.0,99.0
2025-08-01 07:00:00+00:00,17.404501,76.0,17.131247,996.1097,204.44394,8.699793,17.404501,0.259,1010.6,0.0,0.0,13.130063,0.0,0.0,98.0
2025-08-01 08:00:00+00:00,17.8045,76.0,17.145702,996.32654,220.23628,12.261157,17.4545,0.258,1010.8,0.0,0.0,13.517031,0.0,0.0,100.0
2025-08-01 09:00:00+00:00,16.8545,87.0,17.09149,996.181,163.73972,9.0,17.154501,0.3,1010.7,0.0,1.9,14.676958,0.0,0.0,98.0
2025-08-01 10:00:00+00:00,17.3045,85.0,17.518227,995.5133,177.79745,9.3669195,17.3545,0.304,1010.0,0.0,0.2,14.75811,0.0,0.0,100.0
2025-08-01 11:00:00+00:00,18.1045,84.0,18.56744,995.45416,200.55612,9.227524,18.7545,0.294,1009.9,0.0,0.0,15.357911,0.0,0.0,100.0
2025-08-01 12:00:00+00:00,20.3045,70.0,20.342192,995.3645,233.53067,10.296251,21.7045,0.283,1009.7,0.0,0.0,14.653908,0.0,0.0,90.0
2025-08-01 13:00:00+00:00,20.7545,68.0,20.683538,995.28754,238.39255,10.990322,21.0045,0.277,1009.6,0.0,0.0,14.634691,0.0,0.0,100.0
2025-08-01 14:00:00+00:00,20.8045,68.0,21.083195,995.09283,231.7098,8.714677,20.2545,0.272,1009.4,0.0,0.0,14.682399,0.0,0.0,98.0
2025-08-01 15:00:00+00:00,17.5545,88.0,17.510506,995.42725,334.1337,13.202726,16.6045,0.286,1009.9,0.0,0.0,15.543541,0.0,0.0,100.0
2025-08-01 16:00:00+00:00,18.2045,85.0,19.124933,995.0649,266.98727,6.849467,18.4545,0.281,1009.5,0.0,0.1,15.640558,0.0,0.0,100.0
2025-08-01 17:00:00+00:00,18.1045,81.0,18.866642,994.86273,235.30478,5.692099,17.654501,0.279,1009.3,0.0,0.0,14.792278,0.0,0.0,85.0
2025-08-01 18:00:00+00:00,17.0045,87.0,17.895256,995.2029,197.10281,4.896529,16.404501,0.279,1009.7,0.0,0.0,14.824457,0.0,0.0,50.0
2025-08-01 19:00:00+00:00,15.7545,93.0,16.443258,995.43634,176.42374,5.771239,15.2045,0.276,1010.0,0.0,0.0,14.624796,0.0,0.0,37.0
2025-08-01 20:00:00+00:00,14.9045,95.0,15.299553,995.39355,183.17976,6.489992,14.6045,0.275,1010.0,0.0,0.0,14.110231,0.0,0.0,10.0
2025-08-01 21:00:00+00:00,14.054501,97.0,14.205896,995.3507,186.00891,6.87779,13.7045,0.274,1010.0,0.0,0.0,13.585361,0.0,0.0,69.0
2025-08-01 22:00:00+00:00,13.9045,96.0,14.245132,995.0476,221.98714,4.8433046,13.4045,0.272,1009.7,0.0,0.0,13.276871,0.0,0.0,28.0
2025-08-01 23:00:00+00:00,13.4545,94.0,13.395132,995.4188,209.7448,5.8048253,12.9545,0.271,1010.1,0.0,0.0,12.507691,0.0,0.0,35.0
2025-08-02 00:00:00+00:00,13.1545,94.0,13.180088,995.7977,198.43504,4.5536795,12.6545,0.271,1010.5,0.0,0.0,12.209902,0.0,0.0,70.0
2025-08-02 01:00:00+00:00,13.0045,93.0,13.028555,995.6917,201.80147,3.8773184,12.2545,0.269,1010.4,0.0,0.0,11.898627,0.0,0.0,64.0
2025-08-02 02:00:00+00:00,13.2545,94.0,13.553211,996.09875,172.87508,2.9024127,13.054501,0.268,1010.8,0.0,0.0,12.309167,0.0,0.0,68.0
2025-08-02 03:00:00+00:00,12.4045,96.0,12.689981,995.7596,168.69011,1.835647,12.1045,0.26,1010.5,0.0,0.0,11.784169,0.0,0.0,72.0
2025-08-02 04:00:00+00:00,12.2045,96.0,12.316418,995.84784,236.3099,2.5959969,11.9545,0.259,1010.6,0.0,0.0,11.585138,0.0,0.0,29.0
2025-08-02 05:00:00+00:00,13.5045,95.0,13.712456,996.11127,255.96373,4.452954,14.5045,0.258,1010.8,0.0,0.0,12.718819,0.0,0.0,40.0
2025-08-02 06:00:00+00:00,16.6045,82.0,17.005358,996.1685,300.25635,5.00128,18.2545,0.257,1010.7,0.0,0.0,13.518387,0.0,0.0,0.0
2025-08-02 07:00:00+00:00,18.3045,73.0,18.021156,996.74554,292.6199,9.360001,19.3545,0.255,1011.2,0.0,0.0,13.381028,0.0,0.0,49.0
2025-08-02 08:00:00+00:00,19.6045,69.0,19.783821,997.20337,300.46545,7.10031,21.5545,0.251,1011.6,0.0,0.0,13.761873,0.0,0.0,64.0
2025-08-02 09:00:00+00:00,20.904501,65.0,21.868843,996.872,281.3099,5.506941,23.6045,0.247,1011.2,0.0,0.0,14.0795555,0.0,0.0,58.0
2025-08-02 10:00:00+00:00,21.8545,60.0,23.441666,996.8192,224.9999,4.072935,24.0045,0.242,1011.1,0.0,0.0,13.74293,0.0,0.0,76.0
2025-08-02 11:00:00+00:00,22.7045,55.0,23.44463,996.5641,190.3048,4.0249224,25.1045,0.237,1010.8,0.0,0.0,13.200889,0.0,0.0,100.0
2025-08-02 12:00:00+00:00,23.1045,52.0,23.39808,997.2734,221.18582,3.8268526,25.2045,0.233,1011.5,0.0,0.0,12.71341,0.0,0.0,89.0
2025-08-02 13:00:00+00:00,23.904501,51.0,24.462364,997.0158,172.40544,5.4477882,25.8045,0.228,1011.2,0.0,0.0,13.154198,0.0,0.0,85.0
2025-08-02 14:00:00+00:00,24.1045,50.0,24.505833,997.1237,221.18582,3.8268526,25.2545,0.224,1011.3,0.0,0.0,13.034901,0.0,0.0,100.0
2025-08-02 15:00:00+00:00,23.5045,57.0,23.365833,997.0953,144.24602,11.090103,23.1045,0.221,1011.3,0.0,0.0,14.49647,0.0,0.0,100.0
2025-08-02 16:00:00+00:00,21.7045,59.0,21.47486,996.5162,58.240574,8.891343,21.7045,0.221,1010.8,0.0,0.0,13.343802,0.0,0.0,67.0
2025-08-02 17:00:00+00:00,21.4545,62.0,22.022705,996.8001,32.471172,4.6938257,20.5545,0.221,1011.1,0.0,0.0,13.8712845,0.0,0.0,83.0
2025-08-02 18:00:00+00:00,20.404501,69.0,21.302343,997.7352,315.0001,4.072935,19.5545,0.221,1012.1,0.0,0.0,14.526628,0.0,0.0,100.0
2025-08-02 19:00:00+00:00,18.5545,82.0,19.44291,998.72925,270.0,6.4799995,18.0545,0.225,1013.2,0.0,0.4,15.422142,0.0,0.0,100.0
2025-08-02 20:00:00+00:00,17.654501,93.0,19.573038,999.1775,243.43501,2.4149535,17.7545,0.271,1013.7,0.0,1.3,16.508184,0.0,0.0,100.0
2025-08-02 21:00:00+00:00,16.904501,97.0,18.17734,997.95776,330.64233,6.6087217,17.0045,0.313,1012.5,0.1,2.3999999,16.424911,0.0,0.0,97.0
2025-08-02 22:00:00+00:00,16.5045,96.0,18.090143,998.0362,299.74478,2.9024127,16.7545,0.312,1012.6,0.1,0.0,15.8641205,0.0,0.0,100.0
2025-08-02 23:00:00+00:00,16.2045,97.0,16.842396,998.0214,293.49857,9.028754,16.7045,0.406,1012.6,0.5,3.2,15.727486,0.0,0.0,100.0
2025-08-03 00:00:00+00:00,16.2045,97.0,16.592863,998.0214,256.42953,10.739833,16.654501,0.377,1012.6,0.1,3.4,15.727486,0.0,0.0,100.0
2025-08-03 01:00:00+00:00,16.0545,96.0,16.980425,998.60535,280.0079,6.2145634,16.5045,0.364,1013.2,0.2,3.5,15.416338,0.0,0.0,100.0
2025-08-03 02:00:00+00:00,15.9545,95.0,16.422909,998.69885,286.92758,8.654986,16.3545,0.355,1013.3,0.0,2.2,15.153763,0.0,0.0,100.0
2025-08-03 03:00:00+00:00,15.9545,96.0,16.181824,997.71326,309.55963,10.739832,16.3545,0.36,1012.3,0.0,3.1999998,15.316827,0.0,0.0,100.0
2025-08-03 04:00:00+00:00,15.804501,95.0,16.113098,997.90283,292.6199,9.360001,16.2045,0.364,1012.5,0.0,1.8000001,15.004692,0.0,0.0,100.0
2025-08-03 05:00:00+00:00,15.9045,96.0,16.001257,998.10504,290.13638,11.503113,16.3045,0.388,1012.7,0.0,6.8,15.267073,0.0,0.0,100.0
2025-08-03 06:00:00+00:00,15.6545,93.0,14.870504,998.4867,295.97433,15.617529,16.0545,0.346,1013.1,0.0,5.6000004,14.525667,0.0,0.0,100.0
2025-08-03 07:00:00+00:00,15.8545,92.0,15.197302,999.28516,299.0545,14.8257065,16.3045,0.327,1013.9,0.0,0.1,14.556347,0.0,0.0,100.0
2025-08-03 08:00:00+00:00,16.654501,86.0,15.560457,999.52216,303.02386,17.174677,16.9545,0.318,1014.1,0.0,0.0,14.301442,0.0,0.0,100.0
2025-08-03 09:00:00+00:00,17.154501,87.0,16.670332,1000.23694,291.54105,14.707222,17.4545,0.311,1014.8,0.0,0.0,14.971954,0.0,0.0,99.0
2025-08-03 10:00:00+00:00,17.0545,87.0,16.833645,999.9365,274.89902,12.6462,17.6045,0.304,1014.5,0.0,0.0,14.873624,0.0,0.0,99.0
2025-08-03 11:00:00+00:00,17.9545,84.0,17.238281,1000.27673,293.83875,16.92383,18.904501,0.3,1014.8,0.0,0.0,15.21105,0.0,0.0,100.0
2025-08-03 12:00:00+00:00,18.2545,79.0,17.337906,1000.98157,297.12122,16.58346,19.0045,0.292,1015.5,0.0,0.0,14.550643,0.0,0.0,95.0
2025-08-03 13:00:00+00:00,18.8545,72.0,17.80423,1001.20825,302.57404,15.379206,19.154501,0.288,1015.7,0.0,0.0,13.698051,0.0,0.0,96.0
2025-08-03 14:00:00+00:00,19.9545,67.0,19.001053,1001.0649,302.90524,14.57889,21.3545,0.284,1015.5,0.0,0.0,13.643246,0.0,0.0,85.0
2025-08-03 15:00:00+00:00,20.1045,66.0,19.367655,1000.67816,296.56497,12.879752,20.2045,0.281,1015.1,0.0,0.0,13.554784,0.0,0.0,82.0
2025-08-03 16:00:00+00:00,20.3045,64.0,19.527342,1001.2793,303.23172,12.4811535,19.5545,0.278,1015.7,0.0,0.0,13.272143,0.0,0.0,78.0
2025-08-03 17:00:00+00:00,19.654501,68.0,19.335867,1001.5433,304.82455,10.086427,18.654501,0.277,1016.0,0.0,0.0,13.585035,0.0,0.0,89.0
2025-08-03 18:00:00+00:00,18.404501,76.0,18.793673,1001.7774,273.17978,6.489992,17.5045,0.276,1016.3,0.0,0.0,14.097446,0.0,0.0,90.0
2025-08-03 19:00:00+00:00,17.3545,79.0,17.622976,1002.71106,246.3706,6.28713,16.5045,0.276,1017.3,0.0,0.0,13.675933,0.0,0.0,89.0
2025-08-03 20:00:00+00:00,16.4545,82.0,16.616825,1003.1589,246.3706,6.28713,15.7545,0.276,1017.8,0.0,0.0,13.371931,0.0,0.0,48.0
2025-08-03 21:00:00+00:00,15.0045,89.0,15.165592,1003.086,232.43134,5.904439,14.2545,0.276,1017.8,0.0,0.0,13.205646,0.0,0.0,47.0
2025-08-03 22:00:00+00:00,14.304501,90.0,14.304136,1003.0504,240.2552,5.8048253,13.7045,0.276,1017.8,0.0,0.0,12.685823,0.0,0.0,42.0
2025-08-03 23:00:00+00:00,14.0045,91.0,13.798363,1003.1336,242.10283,6.9247384,13.8545,0.276,1017.9,0.0,0.0,12.557995,0.0,0.0,79.0
2025-08-04 00:00:00+00:00,13.804501,91.0,13.677246,1003.2221,255.96373,5.937272,13.1045,0.275,1018.0,0.0,0.0,12.360242,0.0,0.0,28.0
2025-08-04 01:00:00+00:00,13.0045,93.0,12.763901,1003.3782,235.30478,5.692099,12.554501,0.275,1018.2,0.0,0.0,11.898627,0.0,0.0,49.0
2025-08-04 02:00:00+00:00,12.6045,91.0,12.022619,1003.9489,270.0,6.4799995,12.4545,0.275,1018.8,0.0,0.0,11.173666,0.0,0.0,62.0
2025-08-04 03:00:00+00:00,12.554501,93.0,12.416616,1003.1581,243.43501,4.0249224,12.4545,0.286,1018.0,0.0,0.0,11.452502,0.0,0.0,81.0
2025-08-04 04:00:00+00:00,12.9545,91.0,12.7521515,1003.2771,231.34016,4.6102495,13.3545,0.285,1018.1,0.0,0.0,11.519757,0.0,0.0,100.0
2025-08-04 05:00:00+00:00,13.9545,88.0,13.818636,1003.72235,213.6901,5.1919937,14.1545,0.283,1018.5,0.0,0.0,11.998507,0.0,0.0,100.0
2025-08-04 06:00:00+00:00,15.3545,84.0,15.122738,1003.9907,191.30989,7.342588,15.8545,0.282,1018.7,0.0,0.0,12.665155,0.0,0.0,100.0
2025-08-04 07:00:00+00:00,16.5045,79.0,16.113735,1003.2601,206.56499,8.854829,16.654501,0.28,1017.9,0.0,0.0,12.849744,0.0,0.0,100.0
2025-08-04 08:00:00+00:00,17.0545,78.0,16.757792,1003.8791,233.13002,9.0,16.9545,0.278,1018.5,0.0,0.0,13.1889515,0.0,0.0,100.0
2025-08-04 09:00:00+00:00,17.0045,80.0,17.011032,1003.5808,242.24155,7.729527,16.7045,0.277,1018.2,0.0,0.2,13.528907,0.0,0.0,100.0
2025-08-04 10:00:00+00:00,17.404501,79.0,17.476141,1003.8964,248.19853,7.754637,18.0045,0.279,1018.5,0.0,0.3,13.724534,0.0,0.0,98.0
2025-08-04 11:00:00+00:00,17.7545,75.0,17.89922,1003.6181,200.55612,6.151683,17.7545,0.276,1018.2,0.0,0.0,13.265372,0.0,0.0,100.0
2025-08-04 12:00:00+00:00,18.3045,75.0,17.949373,1003.8426,174.2895,10.853866,19.5045,0.274,1018.4,0.0,0.0,13.796583,0.0,0.0,100.0
2025-08-04 13:00:00+00:00,19.3545,70.0,18.30868,1003.3029,207.75845,15.459054,19.2545,0.271,1017.8,0.0,0.0,13.744165,0.0,0.0,100.0
2025-08-04 14:00:00+00:00,18.404501,75.0,18.122562,1003.3546,197.81898,10.587917,17.9545,0.27,1017.9,0.0,0.0,13.89316,0.0,0.0,98.0
2025-08-04 15:00:00+00:00,20.6045,66.0,20.30767,1003.26544,218.36752,11.019764,21.0545,0.266,1017.7,0.0,0.0,14.03018,0.0,0.0,74.0
2025-08-04 16:00:00+00:00,20.404501,65.0,19.889206,1002.5657,228.81418,11.480557,19.904501,0.264,1017.0,0.0,0.0,13.605055,0.0,0.0,41.0
2025-08-04 17:00:00+00:00,20.0545,69.0,20.214996,1002.8443,214.3804,8.287822,18.8045,0.263,1017.3,0.0,0.0,14.19206,0.0,0.0,30.0
2025-08-04 18:00:00+00:00,18.904501,67.0,18.059824,1002.68945,212.19571,11.4862,17.654501,0.261,1017.2,0.0,0.0,12.642945,0.0,0.0,38.0
2025-08-04 19:00:00+00:00,16.8545,76.0,16.199783,1003.5733,214.82455,10.086427,15.804501,0.261,1018.2,0.0,0.0,12.597945,0.0,0.0,0.0
2025-08-04 20:00:00+00:00,15.6545,80.0,14.801125,1003.90735,215.3113,10.587918,15.0045,0.26,1018.6,0.0,0.0,12.21466,0.0,0.0,0.0
2025-08-04 21:00:00+00:00,14.7045,83.0,13.908178,1003.76044,212.47118,9.387651,14.054501,0.26,1018.5,0.0,0.0,11.846832,0.0,0.0,32.0
2025-08-04 22:00:00+00:00,14.7545,82.0,13.828608,1004.1573,205.64096,9.983106,14.2045,0.26,1018.9,0.0,0.0,11.711953,0.0,0.0,63.0
2025-08-04 23:00:00+00:00,14.7545,82.0,14.022291,1004.0587,224.9999,8.654987,14.054501,0.26,1018.8,0.0,0.0,11.711953,0.0,0.0,33.0
2025-08-05 00:00:00+00:00,13.4545,88.0,12.910292,1003.4997,207.89717,6.9247384,12.2545,0.259,1018.3,0.0,0.0,11.506081,0.0,0.0,0.0
2025-08-05 01:00:00+00:00,13.0045,89.0,12.339792,1003.1811,197.52567,7.172949,12.2045,0.259,1018.0,0.0,0.0,11.233326,0.0,0.0,17.0
2025-08-05 02:00:00+00:00,12.804501,89.0,12.245636,1003.0722,197.35411,6.0347,12.1045,0.259,1017.9,0.0,0.0,11.036081,0.0,0.0,64.0
2025-08-05 03:00:00+00:00,11.6045,94.0,10.968149,1002.91187,158.19853,5.815978,11.4545,0.268,1017.8,0.0,0.0,10.671277,0.0,0.0,76.0
2025-08-05 04:00:00+00:00,11.6545,92.0,11.010671,1002.81586,151.69934,5.315336,11.9045,0.267,1017.7,0.0,0.0,10.398023,0.0,0.0,76.0
2025-08-05 05:00:00+00:00,13.1545,89.0,12.759663,1002.79443,153.43501,5.634891,13.8545,0.266,1017.6,0.0,0.0,11.381257,0.0,0.0,88.0
2025-08-05 06:00:00+00:00,16.154501,80.0,15.640419,1002.6512,157.3801,9.360001,16.7545,0.264,1017.3,0.0,0.0,12.70144,0.0,0.0,78.0
2025-08-05 07:00:00+00:00,18.5045,75.0,18.368256,1002.37384,188.42688,9.826088,19.654501,0.262,1016.9,0.0,0.0,13.989738,0.0,0.0,96.0
2025-08-05 08:00:00+00:00,20.5045,67.0,19.693977,1002.3735,212.15227,14.88242,20.5045,0.259,1016.8,0.0,0.0,14.167142,0.0,0.0,97.0
2025-08-05 09:00:00+00:00,21.5545,62.0,20.515486,1001.43835,208.30066,15.94601,22.154501,0.256,1015.8,0.0,0.0,13.965632,0.0,0.0,98.0
2025-08-05 10:00:00+00:00,22.7045,61.0,21.990963,1000.8035,210.0685,15.807239,23.8045,0.253,1015.1,0.0,0.0,14.797868,0.0,0.0,91.0
2025-08-05 11:00:00+00:00,24.3545,57.0,24.030537,1000.88245,228.46832,16.831684,25.8045,0.25,1015.1,0.0,0.0,15.289902,0.0,0.0,63.0
2025-08-05 12:00:00+00:00,25.2045,53.0,24.127975,1000.8238,236.0035,18.671474,25.3045,0.246,1015.0,0.0,0.0,14.947662,0.0,0.0,89.0
2025-08-05 13:00:00+00:00,25.3045,52.0,24.465382,1000.53265,253.5399,16.516901,25.0545,0.244,1014.7,0.0,0.0,14.744322,0.0,0.0,98.0
2025-08-05 14:00:00+00:00,23.6045,60.0,23.206047,1000.748,301.4295,15.1884165,22.154501,0.242,1015.0,0.0,0.0,15.38706,0.0,0.0,100.0
2025-08-05 15:00:00+00:00,22.154501,74.0,24.274557,1000.3829,347.4712,3.319036,21.5545,0.242,1014.7,0.0,0.0,17.301403,0.0,0.0,99.0
2025-08-05 16:00:00+00:00,20.3545,82.0,20.194832,1000.69006,345.42575,18.59845,19.0545,0.264,1015.1,0.0,1.1,17.179146,0.0,0.0,100.0
2025-08-05 17:00:00+00:00,18.404501,93.0,19.057716,1001.28455,312.7974,13.246826,18.3545,0.371,1015.8,0.0,4.5,17.251593,0.0,0.0,100.0
2025-08-05 18:00:00+00:00,17.3545,91.0,16.836739,1002.2182,311.63345,17.339897,17.3045,0.354,1016.8,0.0,2.1000001,15.870152,0.0,0.0,100.0
2025-08-05 19:00:00+00:00,16.154501,90.0,15.498228,1002.9469,291.54105,14.707222,16.404501,0.338,1017.6,0.0,0.6,14.512541,0.0,0.0,100.0
2025-08-05 20:00:00+00:00,14.9545,88.0,13.597858,1003.7731,294.22772,15.7908325,15.4545,0.322,1018.5,0.0,0.0,12.9833145,0.0,0.0,98.0
2025-08-05 21:00:00+00:00,14.1545,89.0,13.0616455,1004.5211,283.24054,12.57426,14.4545,0.31,1019.3,0.0,0.0,12.367436,0.0,0.0,99.0
2025-08-05 22:00:00+00:00,13.0045,93.0,12.203987,1004.068,280.88547,9.531505,13.054501,0.304,1018.9,0.0,0.0,11.898627,0.0,0.0,0.0
2025-08-05 23:00:00+00:00,12.3545,94.0,11.365979,1004.82294,276.3401,9.779817,12.6045,0.3,1019.7,0.0,0.0,11.415781,0.0,0.0,0.0
2025-08-06 00:00:00+00:00,11.7545,93.0,10.521172,1005.48145,280.49142,9.885262,11.8545,0.296,1020.4,0.0,0.0,10.659375,0.0,0.0,0.0
2025-08-06 01:00:00+00:00,11.2545,92.0,10.1057625,1005.94824,262.23492,7.9932976,11.304501,0.293,1020.9,0.0,0.0,10.001957,0.0,0.0,0.0
2025-08-06 02:00:00+00:00,11.2545,89.0,9.87122,1006.24384,267.6141,8.647496,11.3545,0.291,1021.2,0.0,0.0,9.507372,0.0,0.0,22.0
2025-08-06 03:00:00+00:00,10.9545,92.0,9.46602,1006.5239,265.76367,9.746631,10.8545,0.294,1021.5,0.0,0.0,9.704903,0.0,0.0,0.0
2025-08-06 04:00:00+00:00,10.9045,94.0,9.549169,1007.21075,270.0,9.36,11.054501,0.291,1022.2,0.0,0.0,9.976392,0.0,0.0,0.0
2025-08-06 05:00:00+00:00,12.2545,89.0,10.642755,1007.77374,281.9761,12.144331,12.9045,0.288,1022.7,0.0,0.0,10.493652,0.0,0.0,0.0
2025-08-06 06:00:00+00:00,14.2545,84.0,12.848299,1008.46826,284.4208,13.009903,15.5045,0.286,1023.3,0.0,0.0,11.587888,0.0,0.0,0.0
2025-08-06 07:00:00+00:00,15.7045,77.0,13.729328,1008.54205,284.6209,17.114204,16.8545,0.283,1023.3,0.0,0.0,11.683077,0.0,0.0,42.0
2025-08-06 08:00:00+00:00,16.7545,67.0,14.053627,1008.5949,289.0936,19.809813,17.5045,0.279,1023.3,0.0,0.0,10.5941,0.0,0.0,67.0
2025-08-06 09:00:00+00:00,18.1045,54.0,14.578718,1008.9581,288.13818,21.9718,19.154501,0.275,1023.6,0.0,0.0,8.649721,0.0,0.0,84.0
2025-08-06 10:00:00+00:00,18.9545,52.0,15.992441,1009.19775,286.33612,21.758419,20.8545,0.271,1023.8,0.0,0.0,8.878809,0.0,0.0,32.0
2025-08-06 11:00:00+00:00,19.7545,49.0,17.11705,1009.04,287.1028,19.586117,21.9545,0.267,1023.6,0.0,0.0,8.735906,0.0,0.0,71.0
2025-08-06 12:00:00+00:00,20.2545,47.0,17.883839,1008.5717,283.78162,19.64558,22.2545,0.263,1023.1,0.0,0.0,8.577387,0.0,0.0,10.0
2025-08-06 13:00:00+00:00,20.3045,44.0,17.231123,1008.47565,281.5138,19.839235,21.404501,0.259,1023.0,0.0,0.0,7.6516027,0.0,0.0,29.0
2025-08-06 14:00:00+00:00,20.8045,43.0,18.496248,1008.4015,287.52567,14.345898,22.2545,0.256,1022.9,0.0,0.0,7.7666154,0.0,0.0,47.0
2025-08-06 15:00:00+00:00,20.5045,40.0,16.979704,1008.0911,289.88525,17.992796,20.7545,0.254,1022.6,0.0,0.0,6.440252,0.0,0.0,3.0
2025-08-06 16:00:00+00:00,20.7045,44.0,17.873585,1008.10095,291.318,15.844089,20.3045,0.252,1022.6,0.0,0.0,8.01406,0.0,0.0,0.0
2025-08-06 17:00:00+00:00,19.9545,45.0,17.686375,1008.26105,288.43503,11.384199,18.8045,0.251,1022.8,0.0,0.0,7.663712,0.0,0.0,67.0
2025-08-06 18:00:00+00:00,18.2545,58.0,17.921234,1008.1772,329.03632,2.0991426,15.9545,0.251,1022.8,0.0,0.0,9.851457,0.0,0.0,0.0
2025-08-06 19:00:00+00:00,16.9545,60.0,16.393394,1008.2109,141.34016,2.3051248,13.3545,0.253,1022.9,0.0,0.0,9.13582,0.0,0.0,0.0
2025-08-06 20:00:00+00:00,14.1045,70.0,13.032234,1008.5589,180.0,5.04,12.804501,0.254,1023.4,0.0,0.0,8.714118,0.0,0.0,0.0
2025-08-06 21:00:00+00:00,11.9045,86.0,11.117739,1008.4455,192.99461,4.802999,11.5045,0.256,1023.4,0.0,0.0,9.636357,0.0,0.0,0.0
2025-08-06 22:00:00+00:00,11.3545,87.0,10.618239,1008.61395,196.69933,3.7585104,10.9545,0.257,1023.6,0.0,0.0,9.267779,0.0,0.0,0.0
2025-08-06 23:00:00+00:00,10.804501,91.0,9.950474,1008.3882,192.99461,4.802999,10.7045,0.258,1023.4,0.0,0.0,9.393689,0.0,0.0,0.0
2025-08-07 00:00:00+00:00,10.7045,90.0,9.846858,1008.0871,184.76355,4.3349743,10.554501,0.259,1023.1,0.0,0.0,9.130652,0.0,0.0,1.0
2025-08-07 01:00:00+00:00,10.2545,90.0,9.323164,1008.06366,190.3048,4.0249224,10.054501,0.26,1023.1,0.0,0.0,8.6862135,0.0,0.0,0.0
2025-08-07 02:00:00+00:00,10.0045,90.0,9.097355,1008.05035,161.56496,3.4152596,9.554501,0.26,1023.1,0.0,0.0,8.439299,0.0,0.0,100.0
2025-08-07 03:00:00+00:00,8.8545,94.0,7.9655285,1008.1866,153.43501,2.4149535,8.2045,0.266,1023.3,0.0,0.0,7.941288,0.0,0.0,28.0
2025-08-07 04:00:00+00:00,8.304501,95.0,7.291505,1007.56635,123.690094,2.5959969,8.6045,0.266,1022.7,0.0,0.0,7.550299,0.0,0.0,4.0
2025-08-07 05:00:00+00:00,10.054501,92.0,9.075706,1008.24994,135.0001,4.5820518,11.304501,0.266,1023.3,0.0,0.0,8.813722,0.0,0.0,100.0
2025-08-07 06:00:00+00:00,13.554501,82.0,13.02099,1007.74225,131.98714,4.8433046,15.0045,0.265,1022.6,0.0,0.0,10.540047,0.0,0.0,95.0
2025-08-07 07:00:00+00:00,16.0045,76.0,15.625441,1008.163,132.70937,6.3690495,17.154501,0.262,1022.9,0.0,0.0,11.775518,0.0,0.0,100.0
2025-08-07 08:00:00+00:00,17.8545,72.0,17.825758,1008.1573,135.0001,6.1094027,19.4545,0.259,1022.8,0.0,0.0,12.73697,0.0,0.0,100.0
2025-08-07 09:00:00+00:00,20.5045,57.0,20.96816,1007.69684,131.18582,3.8268526,22.904501,0.254,1022.2,0.0,0.0,11.694752,0.0,0.0,71.0
2025-08-07 10:00:00+00:00,22.0045,47.0,21.996244,1007.3753,149.53453,7.10031,24.1045,0.249,1021.8,0.0,0.0,10.175133,0.0,0.0,98.0
2025-08-07 11:00:00+00:00,22.8545,43.0,22.638426,1007.0222,180.0,7.92,25.0045,0.243,1021.4,0.0,0.0,9.618306,0.0,0.0,83.0
2025-08-07 12:00:00+00:00,23.404501,38.0,22.414196,1006.5557,155.69547,12.245293,25.1045,0.239,1020.9,0.0,0.0,8.278867,0.0,0.0,30.0
2025-08-07 13:00:00+00:00,23.7545,41.0,23.215347,1006.0795,143.13002,10.799999,25.6045,0.234,1020.4,0.0,0.0,9.718454,0.0,0.0,48.0
2025-08-07 14:00:00+00:00,23.6045,41.0,22.10701,1005.77637,137.38599,12.229406,24.0045,0.231,1020.1,0.0,0.0,9.583816,0.0,0.0,100.0
2025-08-07 15:00:00+00:00,23.9545,38.0,21.772072,1005.0044,135.0001,12.7279215,23.904501,0.229,1019.3,0.0,0.0,8.768133,0.0,0.0,11.0
2025-08-07 16:00:00+00:00,23.8545,37.0,21.692846,1004.7039,137.4896,11.720751,22.8045,0.227,1019.0,0.0,0.0,8.285324,0.0,0.0,8.0
2025-08-07 17:00:00+00:00,22.904501,50.0,21.681639,1004.16547,136.16905,12.475961,21.3045,0.227,1018.5,0.0,0.0,11.932088,0.0,0.0,0.0
2025-08-07 18:00:00+00:00,21.0045,57.0,20.183634,1003.6793,140.71062,10.233123,19.0045,0.228,1018.1,0.0,0.0,12.161853,0.0,0.0,0.0
2025-08-07 19:00:00+00:00,18.404501,68.0,17.882362,1003.946,150.2552,8.707237,16.9545,0.23,1018.5,0.0,0.0,12.391998,0.0,0.0,8.0
2025-08-07 20:00:00+00:00,16.8045,72.0,16.256582,1004.26074,165.96373,7.42159,15.7545,0.231,1018.9,0.0,0.0,11.727681,0.0,0.0,8.0
2025-08-07 21:00:00+00:00,15.7045,76.0,15.035971,1003.41705,152.24155,7.729527,15.0045,0.233,1018.1,0.0,0.0,11.485228,0.0,0.0,31.0
2025-08-07 22:00:00+00:00,15.2545,79.0,14.801985,1003.69,170.53775,6.5693827,14.304501,0.235,1018.4,0.0,0.0,11.634617,0.0,0.0,0.0
2025-08-07 23:00:00+00:00,14.6545,82.0,14.312138,1003.758,176.42374,5.771239,13.7545,0.236,1018.5,0.0,0.0,11.614301,0.0,0.0,0.0
2025-08-08 00:00:00+00:00,14.054501,86.0,13.677662,1003.7274,149.03632,6.297428,13.3545,0.237,1018.5,0.0,0.0,11.748114,0.0,0.0,43.0
2025-08-08 01:00:00+00:00,13.7545,86.0,13.439312,1003.7122,164.05453,5.2416787,13.1045,0.238,1018.5,0.0,0.0,11.453466,0.0,0.0,71.0
2025-08-08 02:00:00+00:00,13.2045,88.0,12.818817,1003.29,118.30067,5.315336,12.804501,0.239,1018.1,0.0,0.0,11.259863,0.0,0.0,83.0
2025-08-08 03:00:00+00:00,13.4545,87.0,13.049854,1002.6128,135.0001,5.6002855,13.2545,0.249,1017.4,0.0,0.0,11.333328,0.0,0.0,69.0
2025-08-08 04:00:00+00:00,13.7545,87.0,13.43829,1002.3325,140.19447,5.6233797,13.7545,0.249,1017.1,0.0,0.0,11.628385,0.0,0.0,82.0
2025-08-08 05:00:00+00:00,15.0045,85.0,15.175209,1003.086,160.0168,4.2136917,15.3545,0.249,1017.8,0.0,0.0,12.502685,0.0,0.0,100.0
2025-08-08 06:00:00+00:00,17.154501,84.0,18.240091,1002.9967,224.9999,2.5455842,18.1045,0.249,1017.6,0.0,0.0,14.427758,0.0,0.0,100.0
2025-08-08 07:00:00+00:00,19.0045,77.0,19.694923,1003.5813,321.8427,6.4096174,18.7545,0.248,1018.1,0.0,0.0,14.880664,0.0,0.0,92.0
2025-08-08 08:00:00+00:00,21.4545,69.0,22.130161,1003.50397,208.8107,8.217153,22.404501,0.246,1017.9,0.0,0.0,15.530204,0.0,0.0,53.0
2025-08-08 09:00:00+00:00,24.2545,53.0,24.047459,1003.5396,254.05453,10.483357,25.5545,0.242,1017.8,0.0,0.0,14.068808,0.0,0.0,96.0
2025-08-08 10:00:00+00:00,25.6045,48.0,25.909899,1003.30786,257.4712,9.9571085,26.6045,0.238,1017.5,0.0,0.0,13.782732,0.0,0.0,100.0
2025-08-08 11:00:00+00:00,26.1045,45.0,25.57372,1003.43,257.27563,11.440978,25.9545,0.234,1017.6,0.0,0.0,13.246214,0.0,0.0,100.0
2025-08-08 12:00:00+00:00,25.5545,44.0,24.356972,1003.4042,266.906,13.339445,24.8545,0.232,1017.6,0.0,0.0,12.404677,0.0,0.0,100.0
2025-08-08 13:00:00+00:00,25.404501,43.0,23.675964,1004.0871,275.19434,15.905319,24.2045,0.229,1018.3,0.0,0.0,11.919653,0.0,0.0,97.0
2025-08-08 14:00:00+00:00,25.5045,44.0,23.805462,1004.1906,283.7363,16.676977,24.4545,0.227,1018.4,0.0,0.0,12.359452,0.0,0.0,100.0
2025-08-08 15:00:00+00:00,24.5545,44.0,22.985914,1004.3429,291.25058,13.905509,23.0545,0.225,1018.6,0.0,0.0,11.5000305,0.0,0.0,100.0
2025-08-08 16:00:00+00:00,24.0045,45.0,22.58875,1004.8097,288.43503,12.522619,22.3045,0.224,1019.1,0.0,0.0,11.341366,0.0,0.0,100.0
2025-08-08 17:00:00+00:00,22.8045,53.0,22.259995,1004.8509,282.99463,9.605998,21.0545,0.224,1019.2,0.0,0.0,12.7269335,0.0,0.0,100.0
2025-08-08 18:00:00+00:00,21.154501,55.0,20.51736,1005.06683,290.85452,8.089993,19.4545,0.224,1019.5,0.0,0.0,11.759472,0.0,0.0,100.0
2025-08-08 19:00:00+00:00,19.7545,59.0,19.556845,1005.4912,251.56496,4.5536795,17.5045,0.224,1020.0,0.0,0.0,11.514595,0.0,0.0,98.0
2025-08-08 20:00:00+00:00,18.3545,68.0,18.452188,1005.81665,204.44394,4.3498964,16.904501,0.225,1020.4,0.0,0.0,12.34427,0.0,0.0,99.0
2025-08-08 21:00:00+00:00,17.7045,77.0,18.342773,1005.88257,185.7105,3.6179552,16.5545,0.226,1020.5,0.0,0.0,13.621159,0.0,0.0,100.0
2025-08-08 22:00:00+00:00,17.154501,79.0,17.826155,1006.1508,224.9999,3.0547013,15.8545,0.227,1020.8,0.0,0.0,13.481546,0.0,0.0,100.0
2025-08-08 23:00:00+00:00,16.9545,80.0,17.638319,1005.94385,194.03627,2.968636,15.4045,0.229,1020.6,0.0,0.0,13.480233,0.0,0.0,93.0
2025-08-09 00:00:00+00:00,16.2545,84.0,16.961748,1006.4013,194.03627,2.968636,15.054501,0.23,1021.1,0.0,0.0,13.546488,0.0,0.0,95.0
2025-08-09 01:00:00+00:00,15.804501,85.0,16.379152,1006.77313,173.6599,3.2599385,14.7545,0.23,1021.5,0.0,0.0,13.287226,0.0,0.0,100.0
2025-08-09 02:00:00+00:00,15.3545,86.0,15.932493,1006.356,195.94547,2.6208394,14.4545,0.231,1021.1,0.0,0.0,13.024833,0.0,0.0,100.0
2025-08-09 03:00:00+00:00,14.5045,90.0,14.804682,1006.31274,210.96368,4.198285,14.0045,0.244,1021.1,0.0,0.0,12.883313,0.0,0.0,100.0
2025-08-09 04:00:00+00:00,14.5045,89.0,15.053444,1006.4114,300.96368,2.0991426,13.554501,0.245,1021.2,0.0,0.0,12.712585,0.0,0.0,44.0
2025-08-09 05:00:00+00:00,15.4545,87.0,16.319876,1006.9525,213.6901,1.2979984,15.9045,0.245,1021.7,0.0,0.0,13.300258,0.0,0.0,90.0
2025-08-09 06:00:00+00:00,18.0045,82.0,19.11214,1007.0806,135.0001,3.563818,19.5545,0.244,1021.7,0.0,0.0,14.885219,0.0,0.0,76.0
2025-08-09 07:00:00+00:00,20.2545,69.0,20.947289,1007.48737,140.71062,5.1165614,21.8545,0.242,1022.0,0.0,0.0,14.383243,0.0,0.0,70.0
2025-08-09 08:00:00+00:00,22.5045,63.0,23.616459,1007.49835,142.12495,4.1046314,24.5045,0.239,1021.9,0.0,0.0,15.110511,0.0,0.0,7.0
2025-08-09 09:00:00+00:00,25.0045,47.0,25.871304,1007.5193,155.55606,4.3498964,27.3545,0.235,1021.8,0.0,0.0,12.911937,0.0,0.0,41.0
2025-08-09 10:00:00+00:00,26.4545,44.0,27.54183,1006.99634,152.10283,6.9247384,28.8545,0.231,1021.2,0.0,0.0,13.218574,0.0,0.0,55.0
2025-08-09 11:00:00+00:00,27.3545,42.0,28.244595,1006.54535,149.53453,7.10031,29.5545,0.226,1020.7,0.0,0.0,13.316504,0.0,0.0,100.0
2025-08-09 12:00:00+00:00,28.2045,38.0,29.319386,1006.3876,161.56496,2.2768397,29.7545,0.223,1020.5,0.0,0.0,12.5449915,0.0,0.0,100.0
2025-08-09 13:00:00+00:00,28.2545,37.0,28.152924,1006.4888,151.69934,5.315336,28.5045,0.219,1020.6,0.0,0.0,12.183205,0.0,0.0,100.0
2025-08-09 14:00:00+00:00,28.2545,39.0,28.30017,1006.4888,139.76372,6.1305785,28.2545,0.217,1020.6,0.0,0.0,12.9862585,0.0,0.0,84.0
2025-08-09 15:00:00+00:00,28.5045,36.0,27.728912,1006.0071,142.69597,9.504272,27.654501,0.214,1020.1,0.0,0.0,11.987765,0.0,0.0,50.0
2025-08-09 16:00:00+00:00,28.1045,36.0,27.045172,1005.6929,147.38077,10.685391,26.6045,0.212,1019.8,0.0,0.0,11.634912,0.0,0.0,38.0
2025-08-09 17:00:00+00:00,26.7545,42.0,26.41628,1005.23535,145.6196,8.287822,24.654501,0.212,1019.4,0.0,0.0,12.777125,0.0,0.0,0.0
2025-08-09 18:00:00+00:00,24.6045,48.0,24.31701,1005.5283,138.57643,8.161764,22.404501,0.212,1019.8,0.0,0.0,12.868656,0.0,0.0,60.0
2025-08-09 19:00:00+00:00,22.3545,56.0,22.29173,1005.1248,147.09476,7.289445,20.404501,0.213,1019.5,0.0,0.0,13.151246,0.0,0.0,0.0
2025-08-09 20:00:00+00:00,21.3545,60.0,21.363121,1005.0765,156.0375,7.0911775,20.2545,0.214,1019.5,0.0,0.0,13.273057,0.0,0.0,95.0
2025-08-09 21:00:00+00:00,20.6045,68.0,20.921076,1004.74414,161.56496,7.968939,19.3545,0.215,1019.2,0.0,0.0,14.491565,0.0,0.0,80.0
2025-08-09 22:00:00+00:00,20.0045,68.0,20.494646,1004.6163,160.34608,5.3517847,18.8545,0.216,1019.1,0.0,0.0,13.919039,0.0,0.0,88.0
2025-08-09 23:00:00+00:00,19.5045,72.0,20.24929,1004.3945,128.65984,4.6102495,18.2545,0.217,1018.9,0.0,0.0,14.3226795,0.0,0.0,72.0
2025-08-10 00:00:00+00:00,18.904501,79.0,20.221548,1004.3652,150.2552,2.9024127,17.4545,0.219,1018.9,0.0,0.0,15.182327,0.0,0.0,61.0
2025-08-10 01:00:00+00:00,19.2045,79.0,20.94038,1003.8871,153.43501,0.8049845,17.8045,0.22,1018.4,0.0,0.0,15.473853,0.0,0.0,100.0
2025-08-10 02:00:00+00:00,19.2045,79.0,20.84131,1003.49274,194.03627,1.484318,17.3045,0.222,1018.0,0.0,0.0,15.473853,0.0,0.0,78.0
2025-08-10 03:00:00+00:00,17.9545,84.0,19.138466,1004.121,303.6901,3.8939953,15.9045,0.228,1018.7,0.0,0.0,15.21105,0.0,0.0,43.0
2025-08-10 04:00:00+00:00,18.1045,80.0,18.656563,1004.62115,282.5288,6.638072,17.404501,0.229,1019.2,0.0,0.0,14.599637,0.0,0.0,86.0
2025-08-10 05:00:00+00:00,19.404501,76.0,19.52357,1005.2769,271.90912,10.805999,18.904501,0.228,1019.8,0.0,0.0,15.06471,0.0,0.0,35.0
2025-08-10 06:00:00+00:00,20.7545,71.0,20.464468,1005.8359,290.72565,14.24163,20.8045,0.227,1020.3,0.0,0.0,15.305608,0.0,0.0,61.0
2025-08-10 07:00:00+00:00,21.8545,67.0,21.698797,1006.3822,299.93143,13.70839,22.4545,0.226,1020.8,0.0,0.0,15.452838,0.0,0.0,43.0
2025-08-10 08:00:00+00:00,23.6045,61.0,22.928825,1007.15674,301.75943,17.782686,24.6045,0.223,1021.5,0.0,0.0,15.645023,0.0,0.0,5.0
2025-08-10 09:00:00+00:00,24.4545,54.0,23.517088,1007.29614,307.5042,19.513195,26.0045,0.22,1021.6,0.0,0.0,14.54305,0.0,0.0,18.0
2025-08-10 10:00:00+00:00,25.1045,50.0,24.017706,1007.8198,307.45065,21.313093,26.1045,0.217,1022.1,0.0,0.0,13.953603,0.0,0.0,84.0
2025-08-10 11:00:00+00:00,25.5045,49.0,24.4819,1008.23334,300.19153,22.90743,27.3045,0.213,1022.5,0.0,0.0,14.009,0.0,0.0,18.0
2025-08-10 12:00:00+00:00,25.6045,48.0,24.89249,1008.1395,301.47678,20.68356,26.904501,0.21,1022.4,0.0,0.0,13.782732,0.0,0.0,53.0
2025-08-10 13:00:00+00:00,25.3045,46.0,23.664974,1008.42096,320.44037,21.479664,26.4545,0.206,1022.7,0.0,0.0,12.856277,0.0,0.0,58.0
2025-08-10 14:00:00+00:00,24.8545,45.0,22.946125,1009.08997,315.70724,20.620804,25.8045,0.203,1023.4,0.0,0.0,12.112548,0.0,0.0,46.0
2025-08-10 15:00:00+00:00,24.0545,46.0,21.999638,1009.64325,322.43134,17.713316,24.654501,0.201,1024.0,0.0,0.0,11.7193165,0.0,0.0,3.0
2025-08-10 16:00:00+00:00,23.404501,45.0,21.10115,1010.00653,327.61935,17.477621,23.3545,0.2,1024.4,0.0,0.0,10.796865,0.0,0.0,0.0
2025-08-10 17:00:00+00:00,22.5545,48.0,21.262934,1009.867,313.66785,10.948973,21.654501,0.2,1024.3,0.0,0.0,10.993867,0.0,0.0,56.0
2025-08-10 18:00:00+00:00,21.0545,48.0,19.502914,1010.3856,329.74365,10.00256,19.654501,0.2,1024.9,0.0,0.0,9.621271,0.0,0.0,22.0
2025-08-10 19:00:00+00:00,19.0045,52.0,17.3971,1010.67865,326.3099,9.085988,17.7045,0.201,1025.3,0.0,0.0,8.925037,0.0,0.0,8.0
2025-08-10 20:00:00+00:00,17.6045,60.0,16.465876,1011.20026,320.90613,7.42159,16.7545,0.202,1025.9,0.0,0.0,9.747268,0.0,0.0,0.0
2025-08-10 21:00:00+00:00,16.1045,68.0,15.167995,1011.51917,308.65982,6.9153743,15.3545,0.204,1026.3,0.0,0.0,10.196123,0.0,0.0,45.0
2025-08-10 22:00:00+00:00,15.1545,72.0,14.390841,1011.86505,309.8055,5.6233797,14.4545,0.205,1026.7,0.0,0.0,10.141328,0.0,0.0,0.0
2025-08-10 23:00:00+00:00,14.7045,74.0,13.979111,1012.5317,331.69934,5.315336,13.9545,0.207,1027.4,0.0,0.0,10.117887,0.0,0.0,0.0
2025-08-11 00:00:00+00:00,14.0045,79.0,13.67222,1012.3972,333.43503,3.219938,12.554501,0.208,1027.3,0.0,0.0,10.419325,0.0,0.0,0.0
2025-08-11 01:00:00+00:00,13.2545,81.0,12.769142,1012.3588,224.9999,3.563818,11.804501,0.21,1027.3,0.0,0.0,10.063416,0.0,0.0,0.0
2025-08-11 02:00:00+00:00,11.7045,89.0,11.211681,1012.5735,237.99466,3.396233,11.4045,0.211,1027.6,0.0,0.0,9.951203,0.0,0.0,24.0
2025-08-11 03:00:00+00:00,11.1045,94.0,10.646086,1012.4436,233.13002,3.6,11.1545,0.219,1027.5,0.0,0.0,10.174931,0.0,0.0,0.0
2025-08-11 04:00:00+00:00,10.8545,94.0,10.325042,1012.72614,233.13002,3.6,11.2045,0.22,1027.8,0.0,0.0,9.926755,0.0,0.0,0.0
2025-08-11 05:00:00+00:00,11.9545,91.0,11.772606,1012.9808,243.43501,2.4149535,13.6045,0.22,1028.0,0.0,0.0,10.530912,0.0,0.0,0.0
2025-08-11 06:00:00+00:00,15.304501,80.0,15.650898,1012.95685,243.43501,1.609969,17.7045,0.22,1027.8,0.0,0.0,11.873902,0.0,0.0,0.0
2025-08-11 07:00:00+00:00,17.8545,72.0,18.50025,1012.88855,194.03627,1.484318,20.3045,0.219,1027.6,0.0,0.0,12.73697,0.0,0.0,0.0
2025-08-11 08:00:00+00:00,19.654501,62.0,19.99809,1012.68256,198.43504,2.2768397,22.3045,0.216,1027.3,0.0,0.0,12.172689,0.0,0.0,0.0
2025-08-11 09:00:00+00:00,21.1045,50.0,21.837954,1011.8665,270.0,0.71999997,23.9545,0.212,1026.4,0.0,0.0,10.277086,0.0,0.0,0.0
2025-08-11 10:00:00+00:00,22.2545,45.0,23.16315,1012.02136,344.05453,2.6208394,25.654501,0.208,1026.5,0.0,0.0,9.752907,0.0,0.0,0.0
2025-08-11 11:00:00+00:00,22.9545,42.0,24.134163,1011.5622,360.0,2.16,26.3545,0.204,1026.0,0.0,0.0,9.358167,0.0,0.0,7.0
2025-08-11 12:00:00+00:00,23.5545,42.0,24.929192,1011.0983,101.3099,1.835647,26.7545,0.2,1025.5,0.0,0.0,9.898336,0.0,0.0,15.0
2025-08-11 13:00:00+00:00,23.9545,42.0,24.499348,1010.5259,128.65984,4.6102495,27.2045,0.196,1024.9,0.0,0.0,10.258378,0.0,0.0,5.0
2025-08-11 14:00:00+00:00,24.0045,41.0,23.99754,1010.23254,160.0168,4.2136917,26.5045,0.193,1024.6,0.0,0.0,9.942828,0.0,0.0,0.0
2025-08-11 15:00:00+00:00,24.1045,42.0,24.041117,1009.64575,123.690094,1.2979984,25.404501,0.191,1024.0,0.0,0.0,10.393378,0.0,0.0,0.0
2025-08-11 16:00:00+00:00,23.7045,42.0,22.574055,1008.9362,149.9315,7.9036193,23.7545,0.19,1023.3,0.0,0.0,10.033357,0.0,0.0,0.0
2025-08-11 17:00:00+00:00,22.5045,48.0,21.58723,1008.5828,124.3804,8.287822,21.404501,0.19,1023.0,0.0,0.0,10.948124,0.0,0.0,0.0
2025-08-11 18:00:00+00:00,20.9545,54.0,20.610199,1008.11304,135.0001,5.0911684,19.2545,0.191,1022.6,0.0,0.0,11.296042,0.0,0.0,0.0
2025-08-11 19:00:00+00:00,18.6045,62.0,18.065304,1008.3918,144.46223,6.193674,17.154501,0.192,1023.0,0.0,0.0,11.181533,0.0,0.0,4.0
2025-08-11 20:00:00+00:00,17.3545,66.0,16.916073,1008.625,149.74365,5.00128,15.8545,0.193,1023.3,0.0,0.0,10.939295,0.0,0.0,0.0
2025-08-11 21:00:00+00:00,15.804501,73.0,15.40588,1008.35004,167.00539,4.802999,14.804501,0.195,1023.1,0.0,0.0,10.973902,0.0,0.0,0.0
2025-08-11 22:00:00+00:00,15.0045,75.0,14.815123,1008.7036,164.05453,2.6208394,13.554501,0.196,1023.5,0.0,0.0,10.6087475,0.0,0.0,24.0
2025-08-11 23:00:00+00:00,14.054501,77.0,13.54648,1008.95056,163.30067,3.7585104,12.9545,0.198,1023.8,0.0,0.0,10.083812,0.0,0.0,1.0
2025-08-12 00:00:00+00:00,12.9545,82.0,12.4171505,1008.1058,150.9455,3.7064266,12.1045,0.199,1023.0,0.0,0.0,9.954045,0.0,0.0,0.0
2025-08-12 01:00:00+00:00,13.1545,80.0,12.789125,1008.4115,80.53775,2.1897945,11.1545,0.201,1023.3,0.0,0.0,9.780391,0.0,0.0,0.0
2025-08-12 02:00:00+00:00,12.9545,84.0,12.566122,1008.20435,122.00535,3.396233,11.054501,0.202,1023.1,0.0,0.0,10.314628,0.0,0.0,0.0
2025-08-12 03:00:00+00:00,11.804501,91.0,11.708567,1008.24335,44.999897,1.5273507,10.2545,0.21,1023.2,0.0,0.0,10.382583,0.0,0.0,0.0
2025-08-12 04:00:00+00:00,11.6545,91.0,11.328162,1008.13684,129.80553,2.8116899,10.554501,0.211,1023.1,0.0,0.0,10.234251,0.0,0.0,0.0
2025-08-12 05:00:00+00:00,12.1545,88.0,11.857113,1008.45844,123.690094,2.5959969,13.4045,0.211,1023.4,0.0,0.0,10.22571,0.0,0.0,0.0
2025-08-12 06:00:00+00:00,15.304501,74.0,14.81703,1008.62036,138.01286,4.8433046,17.3045,0.211,1023.4,0.0,0.0,10.6967,0.0,0.0,0.0
2025-08-12 07:00:00+00:00,18.0545,68.0,17.96438,1008.5614,120.256355,5.00128,20.6045,0.21,1023.2,0.0,0.0,12.057901,0.0,0.0,0.0
2025-08-12 08:00:00+00:00,20.7045,59.0,20.363209,1008.6925,125.21768,7.491114,23.2045,0.207,1023.2,0.0,0.0,12.405854,0.0,0.0,0.0
2025-08-12 09:00:00+00:00,23.0545,52.0,23.102053,1008.3136,121.75944,8.891343,26.1045,0.204,1022.7,0.0,0.0,12.667241,0.0,0.0,0.0
2025-08-12 10:00:00+00:00,24.3545,44.0,24.12917,1008.17883,127.23492,11.304229,27.3045,0.2,1022.5,0.0,0.0,11.319061,0.0,0.0,0.0
2025-08-12 11:00:00+00:00,25.2045,40.0,24.75613,1007.726,133.87679,12.984975,27.9545,0.196,1022.0,0.0,0.0,10.647993,0.0,0.0,0.0
2025-08-12 12:00:00+00:00,26.0545,36.0,25.9312,1007.66766,124.286934,9.585739,29.1045,0.191,1021.9,0.0,0.0,9.82556,0.0,0.0,0.0
2025-08-12 13:00:00+00:00,26.654501,34.0,26.204336,1007.30164,122.471176,9.387651,29.2045,0.187,1021.5,0.0,0.0,9.501403,0.0,0.0,0.0
2025-08-12 14:00:00+00:00,26.9545,32.0,25.866997,1007.1184,130.10085,8.942214,28.4545,0.184,1021.3,0.0,0.0,8.863149,0.0,0.0,0.0
2025-08-12 15:00:00+00:00,27.0045,31.0,25.2856,1006.5289,130.10085,8.942214,27.154501,0.181,1020.7,0.0,0.0,8.4370775,0.0,0.0,0.0
2025-08-12 16:00:00+00:00,26.4545,39.0,25.724676,1005.7145,133.1524,7.8954163,25.8045,0.18,1019.9,0.0,0.0,11.382563,0.0,0.0,0.0
2025-08-12 17:00:00+00:00,25.4545,33.0,23.691666,1005.07574,126.384445,8.4963045,23.3045,0.179,1019.3,0.0,0.0,8.008888,0.0,0.0,0.0
2025-08-12 18:00:00+00:00,23.3045,43.0,22.549221,1005.0721,118.30067,5.315336,20.654501,0.179,1019.4,0.0,0.0,10.024588,0.0,0.0,0.0
2025-08-12 19:00:00+00:00,21.3545,54.0,21.07873,1005.2737,93.814,5.4119864,18.7045,0.18,1019.7,0.0,0.0,11.667288,0.0,0.0,0.0
2025-08-12 20:00:00+00:00,19.654501,52.0,18.689137,1005.3878,119.74479,5.8048253,17.7045,0.181,1019.9,0.0,0.0,9.525939,0.0,0.0,0.0
2025-08-12 21:00:00+00:00,18.1045,66.0,17.820374,1005.11395,97.59455,5.4477882,16.3545,0.182,1019.7,0.0,0.0,11.652746,0.0,0.0,0.0
2025-08-12 22:00:00+00:00,17.3045,70.0,16.986427,1005.07416,115.01687,5.95906,15.804501,0.183,1019.7,0.0,0.0,11.780566,0.0,0.0,0.0
2025-08-12 23:00:00+00:00,16.6045,70.0,16.050243,1004.7434,110.55613,6.151683,15.5045,0.185,1019.4,0.0,0.0,11.109914,0.0,0.0,0.0
2025-08-13 00:00:00+00:00,15.7045,76.0,15.294163,1004.3041,115.01687,5.95906,14.6545,0.186,1019.0,0.0,0.0,11.485228,0.0,0.0,0.0
2025-08-13 01:00:00+00:00,15.1045,79.0,14.600674,1004.9636,119.357666,6.6087217,14.1545,0.187,1019.7,0.0,0.0,11.4887905,0.0,0.0,0.0
2025-08-13 02:00:00+00:00,14.7045,77.0,14.080418,1005.1402,111.801476,5.815978,13.7045,0.188,1019.9,0.0,0.0,10.713862,0.0,0.0,0.0
2025-08-13 03:00:00+00:00,14.2545,84.0,13.942482,1004.82184,101.3099,5.506941,13.4045,0.197,1019.6,0.0,0.0,11.587888,0.0,0.0,0.0
2025-08-13 04:00:00+00:00,13.9045,86.0,13.353628,1004.5083,107.52566,7.172949,13.5045,0.198,1019.3,0.0,0.0,11.60079,0.0,0.0,0.0
2025-08-13 05:00:00+00:00,15.054501,84.0,14.598148,1004.6655,118.8107,8.217153,15.554501,0.198,1019.4,0.0,0.0,12.371365,0.0,0.0,19.0
2025-08-13 06:00:00+00:00,17.154501,75.0,16.586271,1004.27814,121.328636,9.693296,18.2045,0.198,1018.9,0.0,0.0,12.685829,0.0,0.0,60.0
2025-08-13 07:00:00+00:00,19.3545,68.0,18.673868,1004.58435,125.13428,11.885453,20.7045,0.196,1019.1,0.0,0.0,13.298728,0.0,0.0,0.0
2025-08-13 08:00:00+00:00,21.4545,63.0,21.048426,1004.7856,122.73522,11.983188,23.2545,0.193,1019.2,0.0,0.0,14.11806,0.0,0.0,11.0
2025-08-13 09:00:00+00:00,24.4545,51.0,24.24133,1004.141,125.537766,12.387348,26.654501,0.19,1018.4,0.0,0.0,13.660747,0.0,0.0,15.0
2025-08-13 10:00:00+00:00,26.6045,46.0,27.105867,1004.1436,125.13428,11.885453,28.904501,0.186,1018.3,0.0,0.0,14.038196,0.0,0.0,10.0
2025-08-13 11:00:00+00:00,28.4545,42.0,29.44617,1004.2297,120.65059,11.298495,30.6045,0.18,1018.3,0.0,0.0,14.305042,0.0,0.0,0.0
2025-08-13 12:00:00+00:00,29.8545,37.0,30.218895,1003.604,124.11452,13.479583,31.3545,0.175,1017.6,0.0,0.0,13.598759,0.0,0.0,0.0
2025-08-13 13:00:00+00:00,30.5545,37.0,31.07045,1003.34,127.875046,12.313894,31.7545,0.17,1017.3,0.0,0.0,14.217756,0.0,0.0,0.0
2025-08-13 14:00:00+00:00,30.8545,38.0,31.14824,1003.0577,126.528946,12.096214,31.3045,0.166,1017.0,0.0,0.0,14.896516,0.0,0.0,0.0
2025-08-13 15:00:00+00:00,30.8545,40.0,31.141697,1002.46594,116.56499,11.269782,30.2545,0.163,1016.4,0.0,0.0,15.695658,0.0,0.0,0.0
2025-08-13 16:00:00+00:00,30.7545,39.0,31.0635,1002.56006,118.442825,9.826088,29.1045,0.161,1016.5,0.0,0.0,15.211625,0.0,0.0,0.0
2025-08-13 17:00:00+00:00,29.4545,45.0,30.515045,1002.50055,95.44024,7.5942073,26.8045,0.16,1016.5,0.0,0.0,16.281965,0.0,0.0,0.0
2025-08-13 18:00:00+00:00,27.0545,50.0,27.57544,1002.48834,118.442825,9.826088,24.0545,0.161,1016.6,0.0,0.0,15.744253,0.0,0.0,0.0
2025-08-13 19:00:00+00:00,24.9545,55.0,25.370157,1002.88275,105.64231,9.346143,22.5045,0.162,1017.1,0.0,0.0,15.292203,0.0,0.0,0.0
2025-08-13 20:00:00+00:00,23.0545,60.0,23.780798,1002.9895,118.072395,6.12,20.9545,0.164,1017.3,0.0,0.0,14.870409,0.0,0.0,0.0
2025-08-13 21:00:00+00:00,21.6045,67.0,22.457073,1003.2154,96.70974,6.162207,20.0545,0.166,1017.6,0.0,0.0,15.214768,0.0,0.0,0.0
2025-08-13 22:00:00+00:00,21.0545,68.0,21.580063,1002.9918,81.86999,7.6367526,19.5545,0.167,1017.4,0.0,0.0,14.920926,0.0,0.0,0.0
2025-08-13 23:00:00+00:00,20.2045,73.0,20.821388,1003.34454,103.39252,7.771331,19.0045,0.169,1017.8,0.0,0.0,15.20986,0.0,0.0,0.0
2025-08-14 00:00:00+00:00,19.3545,77.0,20.122602,1003.4015,115.20109,6.763786,18.2045,0.17,1017.9,0.0,0.0,15.219726,0.0,0.0,0.0
2025-08-14 01:00:00+00:00,18.7045,80.0,19.731339,1003.7636,107.10281,4.896529,17.5045,0.172,1018.3,0.0,0.0,15.183621,0.0,0.0,0.0
2025-08-14 02:00:00+00:00,18.2045,82.0,19.16361,1004.0347,98.13002,5.0911684,17.1045,0.173,1018.6,0.0,0.0,15.080464,0.0,0.0,0.0
2025-08-14 03:00:00+00:00,17.8045,85.0,18.972218,1003.91626,74.74483,4.1046314,16.404501,0.183,1018.5,0.0,0.0,15.248367,0.0,0.0,0.0
2025-08-14 04:00:00+00:00,17.4545,81.0,18.174028,1004.19464,99.46225,4.379589,16.404501,0.184,1018.8,0.0,0.0,14.158643,0.0,0.0,0.0
2025-08-14 05:00:00+00:00,18.0545,81.0,19.130383,1004.52,108.43504,3.4152596,18.3045,0.185,1019.1,0.0,0.0,14.743541,0.0,0.0,0.0
2025-08-14 06:00:00+00:00,20.3045,72.0,21.39464,1004.7296,109.98319,4.2136917,21.654501,0.185,1019.2,0.0,0.0,15.091367,0.0,0.0,0.0
2025-08-14 07:00:00+00:00,22.3545,63.0,22.813875,1005.51917,105.25517,8.209263,23.6045,0.182,1019.9,0.0,0.0,14.968746,0.0,0.0,0.0
2025-08-14 08:00:00+00:00,24.3545,59.0,25.18806,1005.71387,92.60251,7.928178,26.3545,0.179,1020.0,0.0,0.0,15.828286,0.0,0.0,0.0
2025-08-14 09:00:00+00:00,26.9545,51.0,28.289948,1005.3434,103.39252,7.771331,29.8045,0.175,1019.5,0.0,0.0,15.962192,0.0,0.0,0.0
2025-08-14 10:00:00+00:00,29.3045,44.0,30.81873,1005.4523,107.10281,9.793058,31.7045,0.17,1019.5,0.0,0.0,15.794166,0.0,0.0,0.0
2025-08-14 11:00:00+00:00,30.904501,40.0,32.50711,1005.4273,111.44781,10.829958,33.004498,0.164,1019.4,0.0,0.0,15.740278,0.0,0.0,0.0
2025-08-14 12:00:00+00:00,31.5545,39.0,33.072716,1004.96344,113.42871,11.770403,32.9545,0.158,1018.9,0.0,0.0,15.92326,0.0,0.0,0.0
2025-08-14 13:00:00+00:00,32.2045,38.0,33.935562,1005.1901,115.55992,9.178235,33.6045,0.152,1019.1,0.0,0.0,16.093445,0.0,0.0,0.0
2025-08-14 14:00:00+00:00,32.4545,37.0,33.754,1004.6097,95.19434,7.9526596,33.054497,0.146,1018.5,0.0,0.0,15.896927,0.0,0.0,0.0
2025-08-14 15:00:00+00:00,31.904501,37.0,32.537888,1004.5847,102.80426,8.12197,30.904501,0.142,1018.5,0.0,0.0,15.410998,0.0,0.0,59.0
2025-08-14 16:00:00+00:00,31.154501,40.0,31.654621,1004.45233,82.14678,10.538843,29.3545,0.14,1018.4,0.0,0.0,15.963356,0.0,0.0,0.0
2025-08-14 17:00:00+00:00,29.6045,44.0,30.510319,1004.7758,79.69521,8.049845,26.904501,0.14,1018.8,0.0,0.0,16.065123,0.0,0.0,0.0
2025-08-14 18:00:00+00:00,27.8045,46.0,28.413895,1004.49554,87.27374,7.5685663,24.8045,0.141,1018.6,0.0,0.0,15.128733,0.0,0.0,0.0
2025-08-14 19:00:00+00:00,25.6045,53.0,26.523407,1005.0827,64.98315,5.95906,22.7045,0.142,1019.3,0.0,0.0,15.3176365,0.0,0.0,0.0
2025-08-14 20:00:00+00:00,24.154501,59.0,25.365685,1005.40826,63.435013,4.829907,21.404501,0.145,1019.7,0.0,0.0,15.640833,0.0,0.0,26.0
2025-08-14 21:00:00+00:00,22.9545,66.0,24.299547,1005.7452,63.435013,5.634891,20.8045,0.147,1020.1,0.0,0.0,16.263945,0.0,0.0,0.0
2025-08-14 22:00:00+00:00,22.2045,67.0,23.611237,1005.9063,56.3099,3.8939953,19.8045,0.149,1020.3,0.0,0.0,15.786114,0.0,0.0,0.0
2025-08-14 23:00:00+00:00,21.404501,70.0,22.820671,1005.966,84.2895,3.6179552,18.9545,0.151,1020.4,0.0,0.0,15.707114,0.0,0.0,0.0
2025-08-15 00:00:00+00:00,19.904501,78.0,21.407413,1005.89307,119.05451,3.7064266,18.1045,0.153,1020.4,0.0,0.0,15.954419,0.0,0.0,0.0
2025-08-15 01:00:00+00:00,19.404501,79.0,20.643583,1006.0655,98.74608,4.73506,17.8045,0.155,1020.6,0.0,0.0,15.668205,0.0,0.0,0.0
2025-08-15 02:00:00+00:00,19.1045,80.0,20.261692,1005.85364,90.0,5.04,17.654501,0.157,1020.4,0.0,0.0,15.572925,0.0,0.0,0.0
2025-08-15 03:00:00+00:00,18.2045,82.0,19.378454,1005.9076,95.7105,3.6179552,16.404501,0.168,1020.5,0.0,0.0,15.080464,0.0,0.0,0.0
2025-08-15 04:00:00+00:00,17.5045,85.0,18.508858,1005.87286,104.03627,4.452954,16.4545,0.17,1020.5,0.0,0.0,14.954214,0.0,0.0,0.0
2025-08-15 05:00:00+00:00,18.2545,84.0,19.389124,1006.3044,111.03758,5.0142193,18.5545,0.171,1020.9,0.0,0.0,15.504774,0.0,0.0,0.0
2025-08-15 06:00:00+00:00,20.404501,77.0,21.265377,1005.62164,111.3707,8.891344,21.6045,0.171,1020.1,0.0,0.0,16.236835,0.0,0.0,0.0
2025-08-15 07:00:00+00:00,22.654501,72.0,23.892723,1006.12524,127.30403,9.504272,24.154501,0.17,1020.5,0.0,0.0,17.34885,0.0,0.0,49.0
2025-08-15 08:00:00+00:00,24.9545,66.0,26.377928,1005.93945,132.27362,10.703569,26.7545,0.167,1020.2,0.0,0.0,18.164238,0.0,0.0,0.0
2025-08-15 09:00:00+00:00,27.5545,59.0,29.86607,1005.9631,136.54811,9.422101,30.3545,0.163,1020.1,0.0,0.0,18.826326,0.0,0.0,0.0
2025-08-15 10:00:00+00:00,29.6045,52.0,32.08729,1005.66345,131.18582,11.480557,32.1045,0.159,1019.7,0.0,0.0,18.710043,0.0,0.0,0.0
2025-08-15 11:00:00+00:00,31.2045,43.0,32.968964,1005.4409,132.79738,13.246826,33.1045,0.153,1019.4,0.0,0.0,17.145908,0.0,0.0,0.0
2025-08-15 12:00:00+00:00,32.4045,37.0,33.538586,1004.8047,139.23648,13.783817,34.2045,0.148,1018.7,0.0,0.0,15.852757,0.0,0.0,0.0
2025-08-15 13:00:00+00:00,32.804497,35.0,33.6404,1004.2309,147.65259,12.783802,34.1045,0.143,1018.1,0.0,0.0,15.337138,0.0,0.0,0.0
2025-08-15 14:00:00+00:00,32.8545,35.0,33.457367,1003.73987,144.24602,11.090103,33.4545,0.139,1017.6,0.0,0.0,15.381006,0.0,0.0,0.0
2025-08-15 15:00:00+00:00,32.4545,36.0,32.994385,1003.3274,133.36346,8.913181,32.004498,0.136,1017.2,0.0,0.0,15.468779,0.0,0.0,0.0
2025-08-15 16:00:00+00:00,31.9545,37.0,32.59924,1002.9104,131.42357,8.161764,30.4545,0.134,1016.8,0.0,0.0,15.455177,0.0,0.0,0.0
2025-08-15 17:00:00+00:00,30.3545,43.0,31.700924,1002.7391,142.43134,5.904439,27.7045,0.134,1016.7,0.0,0.0,16.3807,0.0,0.0,0.0
2025-08-15 18:00:00+00:00,27.8045,49.0,29.076447,1002.32605,145.30478,5.692099,24.3545,0.135,1016.4,0.0,0.0,16.11553,0.0,0.0,0.0
2025-08-15 19:00:00+00:00,25.3545,56.0,26.756016,1002.5073,155.55606,4.3498964,22.3045,0.137,1016.7,0.0,0.0,15.945691,0.0,0.0,0.0
2025-08-15 20:00:00+00:00,23.8045,61.0,25.269068,1002.7294,174.2895,3.6179552,21.0045,0.139,1017.0,0.0,0.0,15.833261,0.0,0.0,0.0
2025-08-15 21:00:00+00:00,23.2045,63.0,24.910263,1002.50354,126.86999,1.8,19.8045,0.142,1016.8,0.0,0.0,15.772021,0.0,0.0,91.0
2025-08-15 22:00:00+00:00,21.6045,67.0,22.82811,1002.131,185.7105,3.6179552,19.8045,0.145,1016.5,0.0,0.0,15.214768,0.0,0.0,100.0
2025-08-15 23:00:00+00:00,20.7545,71.0,22.141544,1002.4841,336.8014,2.7416782,19.0045,0.146,1016.9,0.0,0.0,15.305608,0.0,0.0,91.0
2025-08-16 00:00:00+00:00,20.6045,73.0,21.767569,1002.18097,274.08554,5.0528407,18.154501,0.148,1016.6,0.0,0.0,15.594813,0.0,0.0,100.0
2025-08-16 01:00:00+00:00,20.404501,80.0,21.511835,1002.5657,316.63654,8.913181,19.3045,0.15,1017.0,0.0,0.0,16.83805,0.0,0.0,83.0
2025-08-16 02:00:00+00:00,20.3545,81.0,21.293524,1003.15454,300.96368,10.495713,19.404501,0.151,1017.6,0.0,0.0,16.985325,0.0,0.0,94.0
2025-08-16 03:00:00+00:00,19.7545,79.0,20.188826,1004.0125,303.17853,11.183201,18.8545,0.161,1018.5,0.0,0.0,16.0083,0.0,0.0,13.0
2025-08-16 04:00:00+00:00,19.0545,79.0,19.409464,1003.6824,303.11136,9.885262,18.404501,0.161,1018.2,0.0,0.0,15.328094,0.0,0.0,7.0
2025-08-16 05:00:00+00:00,19.2545,78.0,19.389086,1004.28357,304.69522,11.384198,19.5045,0.162,1018.8,0.0,0.0,15.323774,0.0,0.0,84.0
2025-08-16 06:00:00+00:00,20.3545,75.0,20.686245,1004.63324,309.8055,11.246759,21.3045,0.162,1019.1,0.0,0.0,15.776201,0.0,0.0,83.0
2025-08-16 07:00:00+00:00,21.2545,73.0,21.756195,1004.5786,307.23492,11.304229,22.404501,0.161,1019.0,0.0,0.0,16.22032,0.0,0.0,76.0
2025-08-16 08:00:00+00:00,22.8545,69.0,23.641665,1004.45874,303.17853,11.183201,25.6045,0.159,1018.8,0.0,0.0,16.868032,0.0,0.0,45.0
2025-08-16 09:00:00+00:00,24.3045,64.0,25.318785,1004.3309,303.6901,11.681987,27.2045,0.156,1018.6,0.0,0.0,17.059828,0.0,0.0,41.0
2025-08-16 10:00:00+00:00,25.3045,59.0,26.24319,1003.9838,316.1232,12.984975,28.2545,0.152,1018.2,0.0,0.0,16.718567,0.0,0.0,60.0
2025-08-16 11:00:00+00:00,26.2045,54.0,27.009466,1003.82916,311.87778,14.021525,29.154501,0.148,1018.0,0.0,0.0,16.165375,0.0,0.0,59.0
2025-08-16 12:00:00+00:00,26.8545,49.0,27.015732,1003.465,316.9749,14.773164,29.6045,0.144,1017.6,0.0,0.0,15.245626,0.0,0.0,65.0
2025-08-16 13:00:00+00:00,27.8545,44.0,27.486326,1003.01855,320.1945,16.870138,29.7545,0.14,1017.1,0.0,0.0,14.484108,0.0,0.0,82.0
2025-08-16 14:00:00+00:00,27.7545,42.0,26.557728,1002.81665,323.13,18.0,28.8045,0.137,1016.9,0.0,0.0,13.676023,0.0,0.0,4.0
2025-08-16 15:00:00+00:00,27.154501,42.0,25.741678,1002.19727,323.88055,16.489416,27.5045,0.134,1016.3,0.0,0.0,13.136728,0.0,0.0,46.0
2025-08-16 16:00:00+00:00,25.7545,51.0,24.716314,1002.7234,326.3099,18.171976,25.7045,0.133,1016.9,0.0,0.0,14.857716,0.0,0.0,3.0
2025-08-16 17:00:00+00:00,24.7545,53.0,24.218607,1002.28174,323.42688,13.896187,23.8545,0.133,1016.5,0.0,0.0,14.531393,0.0,0.0,0.0
2025-08-16 18:00:00+00:00,22.904501,61.0,22.803259,1002.4894,323.47104,12.096214,21.6045,0.134,1016.8,0.0,0.0,14.986143,0.0,0.0,45.0
2025-08-16 19:00:00+00:00,21.2545,68.0,21.285536,1002.90265,284.47034,11.525623,20.3045,0.136,1017.3,0.0,0.0,15.11174,0.0,0.0,100.0
2025-08-16 20:00:00+00:00,20.3045,73.0,20.398766,1002.6594,299.74478,11.609651,19.654501,0.138,1017.1,0.0,0.0,15.306103,0.0,0.0,100.0
2025-08-16 21:00:00+00:00,19.1045,76.0,19.275976,1002.6006,291.80148,9.693296,18.5545,0.14,1017.1,0.0,0.0,14.77454,0.0,0.0,32.0
2025-08-16 22:00:00+00:00,18.4545,78.0,18.513481,1002.66705,280.49142,9.885262,18.5545,0.141,1017.2,0.0,0.0,14.547537,0.0,0.0,84.0
2025-08-16 23:00:00+00:00,18.2545,78.0,18.249584,1002.953,293.7495,9.83268,18.154501,0.143,1017.5,0.0,0.0,14.353465,0.0,0.0,73.0
2025-08-17 00:00:00+00:00,16.7545,84.0,16.871449,1003.3711,307.87503,8.209263,16.3045,0.144,1018.0,0.0,0.0,14.036089,0.0,0.0,0.0
2025-08-17 01:00:00+00:00,15.7545,87.0,15.965511,1003.2224,303.6901,6.489992,15.554501,0.146,1017.9,0.0,0.0,13.595279,0.0,0.0,45.0
2025-08-17 02:00:00+00:00,14.9045,85.0,14.564974,1003.0807,324.78232,7.491114,14.8545,0.147,1017.8,0.0,0.0,12.4046135,0.0,0.0,34.0
2025-08-17 03:00:00+00:00,14.9045,82.0,14.552036,1002.8836,317.29062,6.3690495,14.9545,0.157,1017.6,0.0,0.0,11.858431,0.0,0.0,41.0
2025-08-17 04:00:00+00:00,14.0045,84.0,13.639004,1002.8379,289.6539,5.3517847,13.9545,0.158,1017.6,0.0,0.0,11.343039,0.0,0.0,7.0
2025-08-17 05:00:00+00:00,14.6045,84.0,14.305298,1002.67145,276.70975,6.162207,15.7545,0.159,1017.4,0.0,0.0,11.930663,0.0,0.0,0.0
2025-08-17 06:00:00+00:00,16.2045,76.0,15.563507,1002.94946,303.02386,8.587338,18.5045,0.159,1017.6,0.0,0.0,11.969038,0.0,0.0,11.0
2025-08-17 07:00:00+00:00,17.6045,71.0,16.824703,1003.0191,309.28937,10.233123,20.7045,0.158,1017.6,0.0,0.0,12.2836485,0.0,0.0,23.0
2025-08-17 08:00:00+00:00,18.8045,64.0,17.585306,1003.2758,301.8274,12.287555,22.0545,0.156,1017.8,0.0,0.0,11.850971,0.0,0.0,55.0
2025-08-17 09:00:00+00:00,19.8545,55.0,17.540943,1002.83453,315.855,17.057314,23.3045,0.154,1017.3,0.0,0.0,10.550071,0.0,0.0,27.0
2025-08-17 10:00:00+00:00,20.5045,51.0,18.30451,1002.47205,322.43134,17.713316,24.3545,0.151,1016.9,0.0,0.0,10.020923,0.0,0.0,33.0
2025-08-17 11:00:00+00:00,21.1045,47.0,18.963232,1002.6982,316.73566,16.80857,24.3545,0.149,1017.1,0.0,0.0,9.353551,0.0,0.0,68.0
2025-08-17 12:00:00+00:00,21.7545,44.0,19.641197,1002.53265,323.39282,15.696165,24.7045,0.145,1016.9,0.0,0.0,8.965266,0.0,0.0,75.0
2025-08-17 13:00:00+00:00,22.2545,42.0,20.386728,1002.261,334.65387,15.137133,25.404501,0.142,1016.6,0.0,0.0,8.727817,0.0,0.0,8.0
2025-08-17 14:00:00+00:00,22.4545,42.0,19.726662,1001.97473,320.1945,16.870138,24.154501,0.139,1016.3,0.0,0.0,8.907933,0.0,0.0,93.0
2025-08-17 15:00:00+00:00,21.8545,40.0,18.539772,1002.34015,330.9455,18.532135,22.904501,0.138,1016.7,0.0,0.0,7.6496778,0.0,0.0,0.0
2025-08-17 16:00:00+00:00,21.6045,41.0,19.180416,1002.131,345.17346,12.661564,21.904501,0.137,1016.5,0.0,0.0,7.787905,0.0,0.0,20.0
2025-08-17 17:00:00+00:00,20.9545,43.0,18.666168,1002.49384,354.80566,11.928989,20.1045,0.137,1016.9,0.0,0.0,7.9021525,0.0,0.0,51.0
2025-08-17 18:00:00+00:00,19.2545,49.0,17.719547,1002.80493,309.09384,7.42159,17.5045,0.137,1017.3,0.0,0.0,8.27692,0.0,0.0,0.0
2025-08-17 19:00:00+00:00,17.3545,54.0,15.716053,1002.9082,295.34613,7.5685663,15.9545,0.139,1017.5,0.0,0.0,7.9529715,0.0,0.0,0.0
2025-08-17 20:00:00+00:00,16.404501,60.0,14.6279335,1003.255,291.80148,9.693296,15.6045,0.14,1017.9,0.0,0.0,8.618372,0.0,0.0,0.0
2025-08-17 21:00:00+00:00,15.4545,68.0,13.972614,1003.4044,287.74475,9.449572,14.7545,0.142,1018.1,0.0,0.0,9.575389,0.0,0.0,28.0
2025-08-17 22:00:00+00:00,15.054501,71.0,13.561434,1003.48285,291.03757,10.028439,14.5045,0.144,1018.2,0.0,0.0,9.83621,0.0,0.0,48.0
2025-08-17 23:00:00+00:00,14.304501,76.0,13.087044,1003.6418,308.2902,8.714677,13.7545,0.145,1018.4,0.0,0.0,10.130398,0.0,0.0,3.0
2025-08-18 00:00:00+00:00,13.7545,81.0,12.750723,1004.20496,302.27563,8.0899935,13.3545,0.147,1019.0,0.0,0.0,10.55103,0.0,0.0,0.0
2025-08-18 01:00:00+00:00,13.304501,81.0,12.491785,1004.8718,307.56866,5.904439,12.7545,0.148,1019.7,0.0,0.0,10.11218,0.0,0.0,0.0
2025-08-18 02:00:00+00:00,12.804501,81.0,12.030285,1004.84595,302.47116,4.6938257,12.1045,0.15,1019.7,0.0,0.0,9.624541,0.0,0.0,0.0
2025-08-18 03:00:00+00:00,11.4045,85.0,10.355661,1004.87213,289.6539,5.3517847,10.804501,0.155,1019.8,0.0,0.0,8.971675,0.0,0.0,1.0
2025-08-18 04:00:00+00:00,11.1045,86.0,10.1192,1004.8564,302.47116,4.6938257,10.6545,0.157,1019.8,0.0,0.0,8.850504,0.0,0.0,0.0
2025-08-18 05:00:00+00:00,11.7045,85.0,10.809529,1005.4788,311.98712,4.8433046,12.7545,0.158,1020.4,0.0,0.0,9.265963,0.0,0.0,91.0
2025-08-18 06:00:00+00:00,13.8545,76.0,13.032654,1005.9839,335.22488,5.154415,16.404501,0.158,1020.8,0.0,0.0,9.694862,0.0,0.0,23.0
2025-08-18 07:00:00+00:00,15.2545,73.0,14.634428,1006.35095,344.05453,5.2416787,18.1045,0.157,1021.1,0.0,0.0,10.444215,0.0,0.0,100.0
2025-08-18 08:00:00+00:00,16.6045,71.0,16.426008,1006.71466,10.304792,4.0249224,19.8045,0.155,1021.4,0.0,0.0,11.323984,0.0,0.0,100.0
2025-08-18 09:00:00+00:00,18.6045,61.0,18.281878,1006.3218,30.963696,4.198285,22.654501,0.151,1020.9,0.0,0.0,10.936438,0.0,0.0,86.0
2025-08-18 10:00:00+00:00,18.904501,59.0,18.25925,1006.43524,25.016869,5.95906,21.5045,0.147,1021.0,0.0,0.0,10.716986,0.0,0.0,100.0
2025-08-18 11:00:00+00:00,19.8045,55.0,19.110165,1006.08514,10.61961,5.8603754,24.2045,0.144,1020.6,0.0,0.0,10.503551,0.0,0.0,94.0
2025-08-18 12:00:00+00:00,19.7045,57.0,19.599842,1006.17865,33.6901,5.1919937,22.7545,0.142,1020.7,0.0,0.0,10.947266,0.0,0.0,69.0
2025-08-18 13:00:00+00:00,20.4545,54.0,19.521698,1006.3142,41.42357,8.161764,21.654501,0.139,1020.8,0.0,0.0,10.831926,0.0,0.0,100.0
2025-08-18 14:00:00+00:00,19.8045,60.0,18.987675,1005.9866,40.364468,9.449572,20.5045,0.138,1020.5,0.0,0.0,11.816104,0.0,0.0,100.0
2025-08-18 15:00:00+00:00,20.6045,56.0,19.958569,1006.0257,44.999897,7.6367526,21.7045,0.134,1020.5,0.0,0.0,11.520139,0.0,0.0,78.0
2025-08-18 16:00:00+00:00,20.2545,56.0,19.423285,1005.6143,28.810698,8.217153,20.3545,0.133,1020.1,0.0,0.0,11.1938305,0.0,0.0,68.0
2025-08-18 17:00:00+00:00,19.5545,62.0,19.32591,1005.4814,32.73523,5.991594,18.8045,0.134,1020.0,0.0,0.0,12.078304,0.0,0.0,80.0
2025-08-18 18:00:00+00:00,18.2545,68.0,18.438374,1005.1215,23.962492,3.5455887,16.3045,0.136,1019.7,0.0,0.0,12.248815,0.0,0.0,10.0
2025-08-18 19:00:00+00:00,16.904501,71.0,16.844349,1005.44855,48.814175,3.8268526,14.7545,0.138,1020.1,0.0,0.0,11.611902,0.0,0.0,47.0
2025-08-18 20:00:00+00:00,16.4545,76.0,16.723757,1005.4258,90.0,2.8799999,14.304501,0.14,1020.1,0.0,0.0,12.210933,0.0,0.0,45.0
2025-08-18 21:00:00+00:00,15.7545,80.0,15.992857,1004.99646,102.5288,3.319036,13.804501,0.143,1019.7,0.0,0.0,12.312018,0.0,0.0,38.0
2025-08-18 22:00:00+00:00,14.554501,87.0,14.859354,1004.93555,125.537766,3.096837,13.1545,0.145,1019.7,0.0,0.0,12.415174,0.0,0.0,8.0
2025-08-18 23:00:00+00:00,14.4545,86.0,14.698324,1004.9306,60.255207,2.9024127,12.4045,0.146,1019.7,0.0,0.0,12.140961,0.0,0.0,33.0
2025-08-19 00:00:00+00:00,13.804501,89.0,13.96096,1004.7003,90.0,3.2399998,12.1545,0.148,1019.5,0.0,0.0,12.022281,0.0,0.0,18.0
2025-08-19 01:00:00+00:00,13.2045,90.0,13.393288,1004.8667,120.96369,2.0991426,11.304501,0.15,1019.7,0.0,0.0,11.599586,0.0,0.0,0.0
2025-08-19 02:00:00+00:00,12.3545,92.0,12.1754,1004.4288,113.962494,3.5455887,11.304501,0.151,1019.3,0.0,0.0,11.091124,0.0,0.0,0.0
2025-08-19 03:00:00+00:00,11.4545,91.0,11.102725,1003.79083,146.3099,2.5959969,9.9545,0.157,1018.7,0.0,0.0,10.036475,0.0,0.0,0.0
2025-08-19 04:00:00+00:00,10.8545,93.0,10.522155,1003.16833,158.19853,1.9386592,9.7545,0.159,1018.1,0.0,0.0,9.76708,0.0,0.0,0.0
2025-08-19 05:00:00+00:00,11.4545,92.0,11.146099,1003.69226,195.94547,2.6208394,12.554501,0.16,1018.6,0.0,0.0,10.19999,0.0,0.0,0.0
2025-08-19 06:00:00+00:00,14.4545,84.0,14.625038,1003.55084,164.05453,2.6208394,17.2045,0.16,1018.3,0.0,0.0,11.78376,0.0,0.0,0.0
2025-08-19 07:00:00+00:00,17.1045,75.0,17.555214,1003.8812,123.690094,2.5959969,20.1045,0.159,1018.5,0.0,0.0,12.637529,0.0,0.0,0.0
2025-08-19 08:00:00+00:00,19.0545,67.0,19.014223,1003.4852,120.963684,6.297428,22.5045,0.156,1018.0,0.0,0.0,12.785857,0.0,0.0,0.0
2025-08-19 09:00:00+00:00,20.5045,62.0,20.75522,1002.86633,121.42952,7.5942082,24.404501,0.153,1017.3,0.0,0.0,12.974887,0.0,0.0,9.0
2025-08-19 10:00:00+00:00,21.6045,58.0,22.284012,1002.2295,125.837746,7.9932966,25.3545,0.149,1016.6,0.0,0.0,12.98816,0.0,0.0,52.0
2025-08-19 11:00:00+00:00,22.5545,51.0,22.63613,1001.8811,131.42357,8.161764,26.4545,0.145,1016.2,0.0,0.0,11.910489,0.0,0.0,48.0
2025-08-19 12:00:00+00:00,22.9545,49.0,23.03651,1000.9142,136.54811,9.422101,26.4545,0.14,1015.2,0.0,0.0,11.671689,0.0,0.0,0.0
2025-08-19 13:00:00+00:00,23.5045,46.0,23.048822,1000.84186,140.71062,10.233123,26.654501,0.136,1015.1,0.0,0.0,11.218895,0.0,0.0,0.0
2025-08-19 14:00:00+00:00,23.654501,44.0,22.779974,1000.2576,141.009,9.726664,25.4545,0.132,1014.5,0.0,0.0,10.685569,0.0,0.0,0.0
2025-08-19 15:00:00+00:00,23.9545,43.0,23.102411,999.28577,139.08571,7.145796,25.154501,0.131,1013.5,0.0,0.0,10.611313,0.0,0.0,0.0
2025-08-19 16:00:00+00:00,23.7545,43.0,22.62717,998.389,131.63345,8.669949,23.3545,0.13,1012.6,0.0,0.0,10.430798,0.0,0.0,0.0
2025-08-19 17:00:00+00:00,22.5045,49.0,22.073776,998.03357,135.0001,5.6002855,20.8045,0.13,1012.3,0.0,0.0,11.2590275,0.0,0.0,0.0
2025-08-19 18:00:00+00:00,20.8045,56.0,20.624313,997.7545,131.98714,4.8433046,18.1045,0.132,1012.1,0.0,0.0,11.706592,0.0,0.0,0.0
2025-08-19 19:00:00+00:00,18.7545,60.0,18.231266,997.5561,132.27362,5.3517847,16.7545,0.134,1012.0,0.0,0.0,10.8288355,0.0,0.0,0.0
2025-08-19 20:00:00+00:00,17.654501,65.0,17.321148,997.4033,124.992096,4.39436,15.6545,0.136,1011.9,0.0,0.0,10.9944725,0.0,0.0,0.0
2025-08-19 21:00:00+00:00,16.7545,68.0,16.440924,996.86597,146.3099,3.8939953,14.554501,0.138,1011.4,0.0,0.0,10.816787,0.0,0.0,0.0
2025-08-19 22:00:00+00:00,15.7545,71.0,15.318897,996.42194,127.875046,4.1046314,14.1045,0.14,1011.0,0.0,0.0,10.508154,0.0,0.0,0.0
2025-08-19 23:00:00+00:00,15.2045,74.0,14.836685,996.19727,131.18582,3.8268526,13.4045,0.142,1010.8,0.0,0.0,10.600234,0.0,0.0,0.0
2025-08-20 00:00:00+00:00,14.3545,76.0,14.069683,996.25305,153.43501,2.4149535,12.3545,0.143,1010.9,0.0,0.0,10.178786,0.0,0.0,0.0
2025-08-20 01:00:00+00:00,13.9045,78.0,13.690573,996.13165,168.69011,1.835647,11.804501,0.145,1010.8,0.0,0.0,10.131335,0.0,0.0,0.0
2025-08-20 02:00:00+00:00,13.054501,83.0,12.714479,995.3986,150.2552,2.9024127,11.6045,0.146,1010.1,0.0,0.0,10.233104,0.0,0.0,0.0
2025-08-20 03:00:00+00:00,11.4545,93.0,11.269178,994.5284,149.03632,2.0991426,10.5045,0.156,1009.3,0.0,0.0,10.361947,0.0,0.0,0.0
2025-08-20 04:00:00+00:00,11.7045,90.0,11.637352,994.6397,206.56499,0.8049845,10.1545,0.157,1009.4,0.0,0.0,10.118262,0.0,0.0,0.0
2025-08-20 05:00:00+00:00,12.804501,87.0,12.917973,994.4989,180.0,0.71999997,13.2545,0.158,1009.2,0.0,0.0,10.694023,0.0,0.0,0.0
2025-08-20 06:00:00+00:00,15.4545,84.0,16.208855,994.83,243.43501,0.8049845,17.5045,0.159,1009.4,0.0,0.0,12.763083,0.0,0.0,0.0
2025-08-20 07:00:00+00:00,19.2045,68.0,19.30166,995.31104,280.0079,6.2145634,21.3545,0.157,1009.7,0.0,0.0,13.155571,0.0,0.0,0.0
2025-08-20 08:00:00+00:00,21.4545,60.0,21.332531,994.8284,285.25516,8.209263,23.654501,0.154,1009.1,0.0,0.0,13.367035,0.0,0.0,0.0
2025-08-20 09:00:00+00:00,23.7045,52.0,24.039173,994.34393,295.34613,7.5685663,26.5545,0.15,1008.5,0.0,0.0,13.267426,0.0,0.0,1.0
2025-08-20 10:00:00+00:00,25.3545,44.0,25.90947,994.22455,286.6993,7.5170207,28.3545,0.144,1008.3,0.0,0.0,12.223773,0.0,0.0,11.0
2025-08-20 11:00:00+00:00,25.9545,40.0,25.218906,994.1538,311.3477,11.988594,26.904501,0.139,1008.2,0.0,0.0,11.318701,0.0,0.0,57.0
2025-08-20 12:00:00+00:00,26.4545,40.0,25.962202,993.88135,305.83774,7.9932966,29.4545,0.135,1007.9,0.0,0.0,11.765726,0.0,0.0,43.0
2025-08-20 13:00:00+00:00,26.2045,39.0,24.180782,993.67255,316.7899,16.299694,25.154501,0.132,1007.7,0.0,0.0,11.159734,0.0,0.0,100.0
2025-08-20 14:00:00+00:00,26.654501,37.0,24.744137,993.6935,338.45895,14.707222,27.654501,0.13,1007.7,0.0,0.0,10.766664,0.0,0.0,18.0
2025-08-20 15:00:00+00:00,25.8045,41.0,24.182928,993.55524,328.2986,14.386494,25.154501,0.127,1007.6,0.0,0.0,11.557685,0.0,0.0,71.0
2025-08-20 16:00:00+00:00,25.2045,44.0,23.790712,993.82294,340.6409,14.118243,24.0545,0.126,1007.9,0.0,0.0,12.088086,0.0,0.0,55.0
2025-08-20 17:00:00+00:00,23.8045,50.0,22.837301,993.2641,346.75946,12.57426,22.0545,0.125,1007.4,0.0,0.0,12.759238,0.0,0.0,0.0
2025-08-20 18:00:00+00:00,21.7545,59.0,21.5507,994.1527,11.76827,8.825508,19.7045,0.127,1008.4,0.0,0.0,13.390696,0.0,0.0,30.0
2025-08-20 19:00:00+00:00,19.8545,66.0,20.014608,994.3569,6.70975,6.162207,18.2045,0.129,1008.7,0.0,0.0,13.317068,0.0,0.0,52.0
2025-08-20 20:00:00+00:00,18.9545,71.0,18.414375,994.806,53.84173,11.592894,18.0045,0.131,1009.2,0.0,0.0,13.578955,0.0,0.0,37.0
2025-08-20 21:00:00+00:00,17.8545,71.0,17.271654,995.14624,46.54811,9.422101,17.0545,0.133,1009.6,0.0,0.0,12.523539,0.0,0.0,3.0
2025-08-20 22:00:00+00:00,16.6045,76.0,16.263828,995.6757,46.97493,7.386582,15.804501,0.134,1010.2,0.0,0.0,12.356065,0.0,0.0,0.0
2025-08-20 23:00:00+00:00,16.0545,78.0,15.769743,995.9442,53.74608,6.696387,15.804501,0.136,1010.5,0.0,0.0,12.2184,0.0,0.0,78.0
2025-08-21 00:00:00+00:00,15.6045,80.0,15.163254,995.8231,48.814175,7.653705,15.2545,0.138,1010.4,0.0,0.0,12.16598,0.0,0.0,51.0
2025-08-21 01:00:00+00:00,15.304501,78.0,14.778521,995.611,64.79892,6.763786,15.2545,0.139,1010.2,0.0,0.0,11.490413,0.0,0.0,83.0
2025-08-21 02:00:00+00:00,14.9545,76.0,14.17275,995.5931,55.491425,6.989936,15.1045,0.14,1010.2,0.0,0.0,10.759455,0.0,0.0,89.0
2025-08-21 03:00:00+00:00,15.1045,72.0,13.929382,995.2067,82.56869,8.350138,15.304501,0.15,1009.8,0.0,0.0,10.093251,0.0,0.0,88.0
2025-08-21 04:00:00+00:00,14.2045,75.0,12.808935,994.96436,67.3801,9.360001,14.054501,0.151,1009.6,0.0,0.0,9.835729,0.0,0.0,100.0
2025-08-21 05:00:00+00:00,14.4045,75.0,13.306519,995.3685,79.21575,7.69592,15.054501,0.152,1010.0,0.0,0.0,10.028994,0.0,0.0,87.0
2025-08-21 06:00:00+00:00,15.2045,71.0,13.481461,994.9161,91.73567,11.885453,16.7045,0.152,1009.5,0.0,0.0,9.980205,0.0,0.0,77.0
2025-08-21 07:00:00+00:00,16.2045,70.0,14.696358,995.06464,93.46816,11.901798,18.154501,0.152,1009.6,0.0,0.0,10.726653,0.0,0.0,100.0
2025-08-21 08:00:00+00:00,17.404501,67.0,16.404737,995.124,83.41815,9.422101,19.8045,0.152,1009.6,0.0,0.0,11.213603,0.0,0.0,100.0
2025-08-21 09:00:00+00:00,19.1045,61.0,18.066984,995.10895,87.95464,10.086427,22.404501,0.151,1009.5,0.0,0.0,11.407534,0.0,0.0,100.0
2025-08-21 10:00:00+00:00,20.7045,56.0,19.686125,994.5953,75.96373,10.390226,24.6045,0.15,1008.9,0.0,0.0,11.613366,0.0,0.0,92.0
2025-08-21 11:00:00+00:00,21.8045,49.0,20.184757,994.15515,79.99209,12.429127,24.5545,0.148,1008.4,0.0,0.0,10.616991,0.0,0.0,100.0
2025-08-21 12:00:00+00:00,22.1045,43.0,20.348314,994.2681,71.564964,10.24578,24.654501,0.146,1008.5,0.0,0.0,8.941023,0.0,0.0,100.0
2025-08-21 13:00:00+00:00,22.4545,43.0,20.71019,994.18616,61.69934,10.630672,24.1045,0.144,1008.4,0.0,0.0,9.2571125,0.0,0.0,100.0
2025-08-21 14:00:00+00:00,22.8545,42.0,21.08831,993.8108,53.13002,10.799999,25.0545,0.142,1008.0,0.0,0.0,9.268127,0.0,0.0,95.0
2025-08-21 15:00:00+00:00,22.3545,43.0,20.539234,993.5898,43.667847,10.948973,22.3045,0.141,1007.8,0.0,0.0,9.166805,0.0,0.0,100.0
2025-08-21 16:00:00+00:00,21.904501,44.0,20.249897,993.4697,38.990997,9.726664,21.404501,0.14,1007.7,0.0,0.0,9.101124,0.0,0.0,93.0
2025-08-21 17:00:00+00:00,20.904501,46.0,19.215876,993.42163,37.30404,9.504272,19.654501,0.14,1007.7,0.0,0.0,8.851988,0.0,0.0,100.0
2025-08-21 18:00:00+00:00,19.3045,52.0,18.157753,993.73846,26.564985,6.439876,17.4545,0.141,1008.1,0.0,0.0,9.202393,0.0,0.0,93.0
2025-08-21 19:00:00+00:00,17.5045,59.0,16.405937,993.4535,19.440128,6.489992,16.1045,0.142,1007.9,0.0,0.0,9.402915,0.0,0.0,86.0
2025-08-21 20:00:00+00:00,16.7045,61.0,15.824507,993.7095,28.610369,4.510787,14.9545,0.143,1008.2,0.0,0.0,9.145792,0.0,0.0,100.0
2025-08-21 21:00:00+00:00,15.2545,70.0,14.682854,993.6373,11.3098955,3.671294,13.7545,0.145,1008.2,0.0,0.0,9.816306,0.0,0.0,48.0
2025-08-21 22:00:00+00:00,14.9545,70.0,14.386208,993.81915,35.537766,3.096837,12.5045,0.147,1008.4,0.0,0.0,9.528799,0.0,0.0,0.0
2025-08-21 23:00:00+00:00,14.554501,70.0,13.881077,994.19336,215.53777,3.096837,12.2045,0.148,1008.8,0.0,0.0,9.145434,0.0,0.0,100.0
2025-08-22 00:00:00+00:00,13.054501,80.0,12.598919,994.31464,254.05453,2.6208394,11.6545,0.15,1009.0,0.0,0.0,9.683007,0.0,0.0,50.0
2025-08-22 01:00:00+00:00,12.9545,80.0,12.05084,994.70386,281.3099,5.506941,12.304501,0.151,1009.4,0.0,0.0,9.585621,0.0,0.0,67.0
2025-08-22 02:00:00+00:00,13.8545,75.0,12.43269,994.7494,291.3707,8.891344,13.4045,0.152,1009.4,0.0,0.0,9.497509,0.0,0.0,95.0
2025-08-22 03:00:00+00:00,13.7545,80.0,12.200798,995.82837,302.1957,11.4862,13.804501,0.158,1010.5,0.0,0.1,10.364672,0.0,0.0,48.0
2025-08-22 04:00:00+00:00,13.054501,78.0,11.137857,995.89136,298.88647,11.923557,12.804501,0.158,1010.6,0.0,0.0,9.306075,0.0,0.0,93.0
2025-08-22 05:00:00+00:00,13.3545,76.0,11.052647,996.7936,301.7014,14.386494,13.554501,0.159,1011.5,0.0,0.0,9.210907,0.0,0.0,54.0
2025-08-22 06:00:00+00:00,14.1545,73.0,11.348074,996.7357,303.6901,18.171976,15.3545,0.159,1011.4,0.0,0.0,9.384723,0.0,0.0,29.0
2025-08-22 07:00:00+00:00,15.3545,68.0,12.7031,997.48596,301.37296,17.287498,17.404501,0.158,1012.1,0.0,0.0,9.479886,0.0,0.0,0.0
2025-08-22 08:00:00+00:00,16.654501,62.0,13.836876,997.64954,309.3693,18.161278,19.2545,0.156,1012.2,0.0,0.0,9.340221,0.0,0.0,4.0
2025-08-22 09:00:00+00:00,18.154501,53.0,15.263048,997.82227,311.98712,19.373219,21.154501,0.154,1012.3,0.0,0.0,8.41994,0.0,0.0,13.0
2025-08-22 10:00:00+00:00,18.6045,46.0,14.921516,997.746,306.02747,19.586119,19.9545,0.151,1012.2,0.0,0.0,6.756405,0.0,0.0,75.0
2025-08-22 11:00:00+00:00,19.2045,44.0,15.523655,997.87396,310.48593,19.406637,20.9545,0.149,1012.3,0.0,0.0,6.654565,0.0,0.0,63.0
2025-08-22 12:00:00+00:00,19.654501,41.0,15.77857,998.19165,303.11136,19.770523,19.5545,0.147,1012.6,0.0,0.0,6.0355306,0.0,0.0,100.0
2025-08-22 13:00:00+00:00,19.8045,42.0,16.517658,997.8046,306.11945,16.489416,21.8545,0.145,1012.2,0.0,0.0,6.520247,0.0,0.0,98.0
2025-08-22 14:00:00+00:00,18.7545,48.0,15.821262,997.8518,306.60718,15.696165,18.1045,0.144,1012.3,0.0,0.0,7.5153084,0.0,0.0,100.0
2025-08-22 15:00:00+00:00,19.0545,48.0,16.099586,998.3593,292.0363,16.311613,18.7045,0.142,1012.8,0.0,0.0,7.790091,0.0,0.0,100.0
2025-08-22 16:00:00+00:00,18.6045,50.0,15.164713,998.3374,309.14398,19.95972,18.1045,0.141,1012.8,0.0,0.0,7.976947,0.0,0.0,79.0
2025-08-22 17:00:00+00:00,17.8045,54.0,15.520472,998.29785,298.7397,12.7279215,16.8545,0.141,1012.8,0.0,0.0,8.371041,0.0,0.0,67.0
2025-08-22 18:00:00+00:00,17.1045,54.0,14.9174595,999.15015,287.24155,10.931203,16.3545,0.142,1013.7,0.0,0.0,7.7206907,0.0,0.0,100.0
2025-08-22 19:00:00+00:00,16.2545,53.0,13.893845,999.6007,290.3232,10.365251,15.554501,0.143,1014.2,0.0,0.0,6.6584444,0.0,0.0,100.0
2025-08-22 20:00:00+00:00,15.6045,53.0,13.091145,999.46967,296.56497,10.464797,14.6545,0.143,1014.1,0.0,0.0,6.0556087,0.0,0.0,41.0
2025-08-22 21:00:00+00:00,14.7045,57.0,12.530779,999.42413,282.26477,8.473393,14.1045,0.144,1014.1,0.0,0.0,6.2720456,0.0,0.0,95.0
2025-08-22 22:00:00+00:00,14.5045,58.0,12.317032,999.4141,274.76355,8.669949,14.2045,0.145,1014.1,0.0,0.0,6.3371515,0.0,0.0,100.0
2025-08-22 23:00:00+00:00,14.0045,61.0,11.872353,999.58575,262.8751,8.707238,13.7545,0.146,1014.3,0.0,0.0,6.5998797,0.0,0.0,100.0
2025-08-23 00:00:00+00:00,14.054501,61.0,11.933342,999.68695,262.8751,8.707238,13.5045,0.147,1014.4,0.0,0.0,6.647042,0.0,0.0,96.0
2025-08-23 01:00:00+00:00,13.7045,63.0,11.557639,999.3736,251.56496,9.107359,13.1545,0.147,1014.1,0.0,0.0,6.786072,0.0,0.0,90.0
2025-08-23 02:00:00+00:00,13.4045,66.0,11.261272,999.1612,272.12103,9.726665,13.0045,0.148,1013.9,0.0,0.0,7.1801233,0.0,0.0,91.0
2025-08-23 03:00:00+00:00,13.4545,68.0,11.447535,998.7695,257.00537,9.605998,13.2045,0.155,1013.5,0.0,0.0,7.6649933,0.0,0.0,99.0
2025-08-23 04:00:00+00:00,13.2045,69.0,11.178662,998.3627,254.93146,9.6932955,13.0045,0.156,1013.1,0.0,0.0,7.640128,0.0,0.0,100.0
2025-08-23 05:00:00+00:00,13.804501,67.0,11.135315,998.8859,287.52567,14.345898,13.804501,0.156,1013.6,0.0,0.0,7.7815905,0.0,0.0,96.0
2025-08-23 06:00:00+00:00,14.054501,69.0,11.808374,998.7014,273.27042,12.620554,14.554501,0.157,1013.4,0.0,0.0,8.453558,0.0,0.0,100.0
2025-08-23 07:00:00+00:00,14.5045,64.0,11.474312,998.4286,279.86575,16.808569,15.0045,0.157,1013.1,0.0,0.0,7.77454,0.0,0.0,100.0
2025-08-23 08:00:00+00:00,14.9545,62.0,11.499508,998.4511,278.42688,19.652176,15.6545,0.156,1013.1,0.0,0.0,7.734336,0.0,0.0,100.0
2025-08-23 09:00:00+00:00,16.3045,54.0,12.575228,998.22327,282.30798,20.265795,18.8545,0.155,1012.8,0.0,0.0,6.977286,0.0,0.0,99.0
2025-08-23 10:00:00+00:00,17.2545,49.0,13.341181,998.2706,283.7995,21.129883,19.904501,0.154,1012.8,0.0,0.0,6.440239,0.0,0.0,72.0
2025-08-23 11:00:00+00:00,16.4545,54.0,13.210983,998.13226,279.65982,17.163355,17.1045,0.153,1012.7,0.0,0.0,7.1166835,0.0,0.0,95.0
2025-08-23 12:00:00+00:00,17.7545,46.0,13.650883,997.80255,280.73883,21.2522,18.4545,0.152,1012.3,0.0,0.0,5.9815316,0.0,0.0,100.0
2025-08-23 13:00:00+00:00,16.5545,53.0,12.151478,997.9401,293.9625,24.819122,16.7545,0.151,1012.5,0.0,0.0,6.93664,0.0,0.0,100.0
2025-08-23 14:00:00+00:00,16.7545,53.0,12.379032,997.6544,274.96964,24.933735,18.3045,0.151,1012.2,0.0,0.0,7.1220875,0.0,0.0,88.0
2025-08-23 15:00:00+00:00,15.8545,56.0,10.955988,997.80676,279.46225,28.467329,15.9545,0.151,1012.4,0.0,0.0,7.08909,0.0,0.0,100.0
2025-08-23 16:00:00+00:00,14.054501,75.0,11.234551,998.40576,298.523,18.847641,13.804501,0.164,1013.1,0.0,0.4,9.690783,0.0,0.0,100.0
2025-08-23 17:00:00+00:00,13.1545,76.0,10.517178,998.7541,284.03625,16.327497,13.054501,0.165,1013.5,0.0,0.1,9.017318,0.0,0.0,100.0
2025-08-23 18:00:00+00:00,11.554501,80.0,8.646463,999.36194,278.65247,16.75064,11.1045,0.164,1014.2,0.0,0.0,8.22213,0.0,0.0,96.0
2025-08-23 19:00:00+00:00,11.1045,84.0,8.011822,1000.42236,296.56497,18.514643,11.4045,0.165,1015.3,0.0,0.0,8.50245,0.0,0.0,100.0
2025-08-23 20:00:00+00:00,10.2545,92.0,8.33922,1000.8709,280.954,11.367109,10.1545,0.165,1015.8,0.0,0.0,9.011764,0.0,0.0,9.0
2025-08-23 21:00:00+00:00,9.0045,84.0,6.272703,1001.29785,283.24054,12.57426,8.8545,0.165,1016.3,0.0,0.0,6.4450583,0.0,0.0,37.0
2025-08-23 22:00:00+00:00,8.3545,83.0,5.5867443,1001.4607,275.35574,11.570515,8.304501,0.165,1016.5,0.0,0.0,5.6351624,0.0,0.0,0.0
2025-08-23 23:00:00+00:00,8.3545,94.0,6.097454,1001.7562,279.46225,10.948973,8.554501,0.166,1016.8,0.0,0.0,7.444904,0.0,0.0,6.0
2025-08-24 00:00:00+00:00,8.1545,90.0,5.5594187,1002.4352,273.46817,11.901798,8.1045,0.167,1017.5,0.0,0.0,6.612032,0.0,0.0,0.0
2025-08-24 01:00:00+00:00,8.2045,89.0,5.369952,1003.0291,274.63538,13.363711,8.1545,0.168,1018.1,0.0,0.0,6.4988894,0.0,0.0,0.0
2025-08-24 02:00:00+00:00,8.2545,87.0,5.1416836,1003.42566,275.5721,14.830076,8.2045,0.169,1018.5,0.0,0.0,6.218123,0.0,0.0,0.0
2025-08-24 03:00:00+00:00,7.8545003,86.0,4.8188257,1003.109,277.69595,13.441071,7.7045,0.187,1018.2,0.0,0.0,5.657535,0.0,0.0,0.0
2025-08-24 04:00:00+00:00,7.5545,88.0,4.653309,1003.38855,283.24054,12.57426,7.5045004,0.187,1018.5,0.0,0.0,5.694364,0.0,0.0,0.0
2025-08-24 05:00:00+00:00,8.1545,87.0,5.2660074,1003.81445,279.46225,13.138765,8.804501,0.187,1018.9,0.0,0.0,6.1197367,0.0,0.0,0.0
2025-08-24 06:00:00+00:00,10.2545,80.0,7.4770327,1004.3195,283.67133,13.708391,11.804501,0.187,1019.3,0.0,0.0,6.9558525,0.0,0.0,0.0
2025-08-24 07:00:00+00:00,12.4045,71.0,9.440214,1004.3327,283.39252,15.542662,14.5045,0.186,1019.2,0.0,0.0,7.291758,0.0,0.0,0.0
2025-08-24 08:00:00+00:00,14.6545,63.0,11.610531,1004.5464,278.65247,16.75064,17.0545,0.184,1019.3,0.0,0.0,7.685475,0.0,0.0,0.0
2025-08-24 09:00:00+00:00,16.6045,50.0,13.224651,1003.7578,289.13373,18.671474,18.5045,0.183,1018.4,0.0,0.0,6.135548,0.0,0.0,77.0
2025-08-24 10:00:00+00:00,17.8045,42.0,13.591955,1003.81775,289.3349,21.746502,19.2545,0.18,1018.4,0.0,0.0,4.7166057,0.0,0.0,47.0
2025-08-24 11:00:00+00:00,18.7045,38.0,14.385309,1003.66504,295.20108,20.291357,20.3545,0.178,1018.2,0.0,0.0,4.093148,0.0,0.0,91.0
2025-08-24 12:00:00+00:00,18.904501,37.0,14.241524,1003.6752,287.57135,22.657131,20.1045,0.176,1018.2,0.0,0.0,3.8912418,0.0,0.0,45.0
2025-08-24 13:00:00+00:00,19.404501,38.0,15.309628,1003.20685,279.63748,19.35314,21.4545,0.174,1017.7,0.0,0.0,4.7170863,0.0,0.0,0.0
2025-08-24 14:00:00+00:00,19.7545,35.0,15.466892,1002.731,271.06088,19.443333,20.6045,0.173,1017.2,0.0,0.0,3.853145,0.0,0.0,39.0
2025-08-24 15:00:00+00:00,18.904501,35.0,14.364222,1002.8866,291.99118,20.188908,19.1045,0.171,1017.4,0.0,0.0,3.1027534,0.0,0.0,33.0
2025-08-24 16:00:00+00:00,18.404501,37.0,14.359842,1002.7631,298.70584,17.238699,17.904501,0.171,1017.3,0.0,0.0,3.4468637,0.0,0.0,40.0
2025-08-24 17:00:00+00:00,17.3545,41.0,14.396553,1002.5139,285.94547,10.483357,16.0045,0.171,1017.1,0.0,0.0,3.9668863,0.0,0.0,41.0
2025-08-24 18:00:00+00:00,15.6045,47.0,12.789185,1002.62354,300.25635,10.00256,13.8545,0.171,1017.3,0.0,0.0,4.3273664,0.0,0.0,0.0
2025-08-24 19:00:00+00:00,14.7545,52.0,12.338522,1003.17175,285.25516,8.209263,13.8545,0.172,1017.9,0.0,0.0,4.9932466,0.0,0.0,100.0
2025-08-24 20:00:00+00:00,13.9045,58.0,11.741047,1003.7199,261.87,7.6367526,13.1045,0.173,1018.5,0.0,0.0,5.7745614,0.0,0.0,65.0
2025-08-24 21:00:00+00:00,12.5045,69.0,10.647192,1003.45087,255.96373,7.42159,11.6045,0.174,1018.3,0.0,0.0,6.970162,0.0,0.0,24.0
2025-08-24 22:00:00+00:00,12.054501,72.0,10.20265,1003.625,259.21576,7.69592,11.5045,0.175,1018.5,0.0,0.0,7.159847,0.0,0.0,66.0
2025-08-24 23:00:00+00:00,12.1545,72.0,10.170826,1003.827,260.53775,8.759178,11.9545,0.175,1018.7,0.0,0.0,7.2560463,0.0,0.0,96.0
2025-08-25 00:00:00+00:00,12.9045,67.0,10.704709,1003.7673,254.93146,9.6932955,12.804501,0.176,1018.6,0.0,0.0,6.9232335,0.0,0.0,100.0
2025-08-25 01:00:00+00:00,12.9545,68.0,10.841509,1003.5728,259.1145,9.531505,12.4045,0.176,1018.4,0.0,0.0,7.1872907,0.0,0.0,71.0
2025-08-25 02:00:00+00:00,12.8545,69.0,10.733846,1003.27203,263.6599,9.779817,12.6045,0.177,1018.1,0.0,0.0,7.3051543,0.0,0.0,96.0
2025-08-25 03:00:00+00:00,12.4545,72.0,10.505173,1002.95557,267.70944,9.007196,12.0045,0.182,1017.8,0.0,0.0,7.5446315,0.0,0.0,100.0
2025-08-25 04:00:00+00:00,11.7045,76.0,9.716787,1003.1139,265.60138,9.3876505,10.7545,0.183,1018.0,0.0,0.0,7.6136417,0.0,0.0,89.0
2025-08-25 05:00:00+00:00,11.9545,76.0,9.922422,1003.52106,265.91446,10.105681,12.0045,0.184,1018.4,0.0,0.0,7.8556743,0.0,0.0,99.0
2025-08-25 06:00:00+00:00,13.6545,70.0,10.944746,1003.90436,272.66293,15.496736,14.6045,0.184,1018.7,0.0,0.0,8.282771,0.0,0.0,13.0
2025-08-25 07:00:00+00:00,14.9545,65.0,11.839991,1003.576,277.81522,18.532133,16.5545,0.183,1018.3,0.0,0.0,8.429986,0.0,0.0,55.0
2025-08-25 08:00:00+00:00,16.154501,59.0,12.648249,1003.9325,283.0693,20.696085,18.1045,0.182,1018.6,0.0,0.0,8.135363,0.0,0.0,48.0
2025-08-25 09:00:00+00:00,16.3045,58.0,12.395496,1003.44696,291.80148,23.263912,17.654501,0.181,1018.1,0.0,0.0,8.0244255,0.0,0.0,67.0
2025-08-25 10:00:00+00:00,16.9545,55.0,12.884483,1003.57837,291.96063,24.066206,18.8545,0.18,1018.2,0.0,0.0,7.85066,0.0,0.0,76.0
2025-08-25 11:00:00+00:00,17.654501,52.0,13.609039,1003.3173,291.47684,23.598541,19.654501,0.179,1017.9,0.0,0.0,7.676648,0.0,0.0,83.0
2025-08-25 12:00:00+00:00,18.154501,49.0,13.995951,1002.94794,289.53674,23.683512,20.1045,0.177,1017.5,0.0,0.0,7.266893,0.0,0.0,92.0
2025-08-25 13:00:00+00:00,19.0045,45.0,14.783621,1002.497,287.03784,23.34455,21.154501,0.176,1017.0,0.0,0.0,6.8002872,0.0,0.0,88.0
2025-08-25 14:00:00+00:00,18.7545,44.0,14.555653,1001.8933,287.8504,22.314194,19.0545,0.175,1016.4,0.0,0.0,6.2465715,0.0,0.0,99.0
2025-08-25 15:00:00+00:00,19.3045,37.0,14.785641,1001.52594,284.5002,21.566975,19.8045,0.174,1016.0,0.0,0.0,4.246672,0.0,0.0,60.0
2025-08-25 16:00:00+00:00,18.904501,41.0,15.412594,1001.3094,293.70264,16.1198,18.4545,0.173,1015.8,0.0,0.0,5.3611813,0.0,0.0,85.0
2025-08-25 17:00:00+00:00,17.904501,47.0,15.757549,1000.47144,332.3541,8.534353,16.6045,0.173,1015.0,0.0,0.0,6.4303617,0.0,0.0,47.0
2025-08-25 18:00:00+00:00,16.0045,52.0,14.109726,1001.0667,312.70938,6.3690495,14.2545,0.174,1015.7,0.0,0.0,6.150165,0.0,0.0,51.0
2025-08-25 19:00:00+00:00,14.4545,59.0,12.893337,1000.88995,355.60138,4.6938252,12.054501,0.175,1015.6,0.0,0.0,6.5386004,0.0,0.0,0.0
2025-08-25 20:00:00+00:00,13.5045,65.0,12.631607,1001.1372,26.564985,0.8049845,10.7545,0.176,1015.9,0.0,0.0,7.0522017,0.0,0.0,0.0
2025-08-25 21:00:00+00:00,11.7545,72.0,10.603886,1001.14575,296.56497,2.4149535,8.4545,0.178,1016.0,0.0,0.0,6.871242,0.0,0.0,11.0
2025-08-25 22:00:00+00:00,10.3545,77.0,8.796033,1001.1716,231.34016,4.6102495,8.554501,0.179,1016.1,0.0,0.0,6.496419,0.0,0.0,10.0
2025-08-25 23:00:00+00:00,8.9545,84.0,7.298997,1001.0983,219.28938,5.1165614,8.4045,0.18,1016.1,0.0,0.0,6.396068,0.0,0.0,6.0
2025-08-26 00:00:00+00:00,8.054501,92.0,6.5045137,1001.34607,224.9999,5.0911684,7.5045004,0.181,1016.4,0.0,0.0,6.833206,0.0,0.0,0.0
2025-08-26 01:00:00+00:00,7.9545,91.0,6.5283995,1000.8484,228.81418,3.8268526,7.5545,0.182,1015.9,0.0,0.0,6.575104,0.0,0.0,57.0
2025-08-26 02:00:00+00:00,7.5545,91.0,6.2169695,1000.43304,213.6901,2.5959969,6.5045004,0.183,1015.5,0.0,0.0,6.179486,0.0,0.0,0.0
2025-08-26 03:00:00+00:00,5.7545004,96.0,4.0068007,1000.238,201.80147,3.8773184,5.5045004,0.186,1015.4,0.0,0.0,5.166009,0.0,0.0,25.0
2025-08-26 04:00:00+00:00,5.6545,94.0,4.1528034,999.93713,206.56499,1.609969,5.0545,0.187,1015.1,0.0,0.0,4.7643027,0.0,0.0,0.0
2025-08-26 05:00:00+00:00,6.4045,91.0,4.563822,1000.27325,175.23645,4.3349743,7.5045004,0.187,1015.4,0.0,0.0,5.042042,0.0,0.0,0.0
2025-08-26 06:00:00+00:00,10.2545,86.0,9.588056,1000.3783,135.0001,1.0182338,13.0045,0.188,1015.3,0.0,0.0,8.0154915,0.0,0.0,20.0
2025-08-26 07:00:00+00:00,14.2045,70.0,13.397358,1000.3846,212.00534,3.396233,16.904501,0.187,1015.1,0.0,0.0,8.809968,0.0,0.0,41.0
2025-08-26 08:00:00+00:00,16.7545,61.0,15.730101,1000.6113,284.93146,5.5887027,19.5545,0.185,1015.2,0.0,0.0,9.192925,0.0,0.0,24.0
2025-08-26 09:00:00+00:00,18.9545,49.0,17.907606,999.83325,280.6196,5.8603754,22.154501,0.182,1014.3,0.0,0.0,8.001492,0.0,0.0,0.0
2025-08-26 10:00:00+00:00,20.2045,44.0,19.223408,999.99286,272.3859,8.647496,23.654501,0.179,1014.4,0.0,0.0,7.560977,0.0,0.0,11.0
2025-08-26 11:00:00+00:00,21.1045,40.0,19.503181,999.3464,270.0,12.959999,24.2545,0.175,1013.7,0.0,0.0,6.977854,0.0,0.0,17.0
2025-08-26 12:00:00+00:00,22.154501,38.0,20.050596,999.29834,270.0,15.4800005,25.2045,0.172,1013.6,0.0,0.0,7.166462,0.0,0.0,17.0
2025-08-26 13:00:00+00:00,22.3545,35.0,19.284216,998.5193,286.6993,18.792551,23.904501,0.17,1012.8,0.0,0.0,6.1466455,0.0,0.0,0.0
2025-08-26 14:00:00+00:00,22.6045,37.0,20.079443,998.2355,278.97253,13.849476,23.9545,0.168,1012.5,0.0,0.0,7.1766047,0.0,0.0,0.0
2025-08-26 15:00:00+00:00,22.7045,38.0,20.034672,998.6346,289.35907,14.118243,22.7045,0.167,1012.9,0.0,0.0,7.6559906,0.0,0.0,37.0
2025-08-26 16:00:00+00:00,21.7545,42.0,19.347233,998.8849,329.30035,13.397612,20.9545,0.166,1013.2,0.0,0.0,8.27746,0.0,0.0,13.0
2025-08-26 17:00:00+00:00,20.3545,49.0,19.349396,998.5213,320.1945,5.6233797,18.3045,0.167,1012.9,0.0,0.0,9.286593,0.0,0.0,15.0
2025-08-26 18:00:00+00:00,18.2545,56.0,17.556744,998.51733,360.0,3.6,15.3545,0.169,1013.0,0.0,0.0,9.328624,0.0,0.0,60.0
2025-08-26 19:00:00+00:00,16.7045,60.0,15.848425,998.73615,33.6901,3.8939953,13.5045,0.17,1013.3,0.0,0.0,8.900623,0.0,0.0,63.0
2025-08-26 20:00:00+00:00,14.9045,64.0,13.782721,999.04004,9.462248,4.379589,13.054501,0.172,1013.7,0.0,0.0,8.153892,0.0,0.0,29.0
2025-08-26 21:00:00+00:00,13.554501,76.0,13.0251045,998.9716,56.309914,2.5959969,11.2545,0.174,1013.7,0.0,0.0,9.404494,0.0,0.0,46.0
2025-08-26 22:00:00+00:00,13.2045,77.0,12.694693,999.05255,189.46225,2.1897945,10.304501,0.175,1013.8,0.0,0.0,9.25982,0.0,0.0,6.0
2025-08-26 23:00:00+00:00,12.1045,82.0,11.562137,999.09467,180.0,2.16,9.8545,0.177,1013.9,0.0,0.0,9.123819,0.0,0.0,1.0
2025-08-27 00:00:00+00:00,10.7045,88.0,9.97957,998.2338,50.194473,2.8116899,9.1545,0.178,1013.1,0.0,0.0,8.7974825,0.0,0.0,100.0
2025-08-27 01:00:00+00:00,10.9045,86.0,10.316856,998.1456,116.56499,1.609969,8.304501,0.179,1013.0,0.0,0.0,8.6540365,0.0,0.0,100.0
2025-08-27 02:00:00+00:00,10.6545,88.0,9.944331,998.527,74.054535,2.6208394,9.1545,0.18,1013.4,0.0,0.0,8.748232,0.0,0.0,100.0
2025-08-27 03:00:00+00:00,10.9545,87.0,10.073103,997.85297,79.69521,4.0249224,9.7545,0.181,1012.7,0.0,0.0,8.87431,0.0,0.0,100.0
2025-08-27 04:00:00+00:00,10.4045,87.0,9.277393,997.82434,98.74608,4.73506,9.6545,0.182,1012.7,0.0,0.0,8.333272,0.0,0.0,95.0
2025-08-27 05:00:00+00:00,10.5045,87.0,9.506462,998.125,116.56499,4.0249224,11.1545,0.183,1013.0,0.0,0.0,8.431645,0.0,0.0,100.0
2025-08-27 06:00:00+00:00,12.6045,80.0,11.363934,998.6276,107.52566,7.172949,13.804501,0.184,1013.4,0.0,0.0,9.244766,0.0,0.0,76.0
2025-08-27 07:00:00+00:00,14.6045,73.0,13.389114,998.9264,147.72438,8.0899935,15.9045,0.183,1013.6,0.0,0.0,9.818169,0.0,0.0,100.0
2025-08-27 08:00:00+00:00,17.4545,66.0,16.50327,999.06915,128.2902,8.714677,19.7545,0.182,1013.6,0.0,0.0,11.034429,0.0,0.0,53.0
2025-08-27 09:00:00+00:00,21.154501,52.0,20.343279,999.0532,144.78232,7.491114,24.3545,0.179,1013.4,0.0,0.0,10.912195,0.0,0.0,37.0
2025-08-27 10:00:00+00:00,23.5045,46.0,23.389227,998.7714,130.60121,6.638072,25.4545,0.176,1013.0,0.0,0.0,11.218895,0.0,0.0,68.0
2025-08-27 11:00:00+00:00,25.6045,40.0,25.439102,998.37756,131.42357,8.161764,28.1045,0.173,1012.5,0.0,0.0,11.005729,0.0,0.0,99.0
2025-08-27 12:00:00+00:00,27.1045,34.0,27.131306,997.8558,147.99466,6.792466,29.3545,0.169,1011.9,0.0,0.0,9.895936,0.0,0.0,85.0
2025-08-27 13:00:00+00:00,27.7545,34.0,27.353657,997.59,120.0685,7.9036193,28.7045,0.166,1011.6,0.0,0.0,10.465676,0.0,0.0,100.0
2025-08-27 14:00:00+00:00,28.0045,29.0,26.424559,997.4044,166.60748,7.771331,27.3545,0.163,1011.4,0.0,0.0,8.31655,0.0,0.0,88.0
2025-08-27 15:00:00+00:00,27.5045,29.0,25.47028,997.0853,186.1154,10.1376915,25.7545,0.162,1011.1,0.0,0.0,7.8864923,0.0,0.0,98.0
2025-08-27 16:00:00+00:00,26.3045,38.0,24.817959,997.4244,221.34767,11.988594,24.4545,0.161,1011.5,0.0,0.0,10.857361,0.0,0.0,47.0
2025-08-27 17:00:00+00:00,24.154501,47.0,23.172527,997.126,206.56499,11.269782,21.7045,0.162,1011.3,0.0,0.0,12.136791,0.0,0.0,36.0
2025-08-27 18:00:00+00:00,21.7545,53.0,20.909348,996.91315,204.62355,9.504273,19.4545,0.163,1011.2,0.0,0.0,11.754885,0.0,0.0,100.0
2025-08-27 19:00:00+00:00,19.5545,62.0,19.148373,997.00385,182.86235,7.208994,17.7545,0.164,1011.4,0.0,0.0,12.078304,0.0,0.0,48.0
2025-08-27 20:00:00+00:00,18.3045,67.0,18.106298,997.23834,176.42374,5.771239,16.5545,0.166,1011.7,0.0,0.0,12.071256,0.0,0.0,4.0
2025-08-27 21:00:00+00:00,17.5545,70.0,17.099438,996.7086,165.96373,7.42159,16.3045,0.167,1011.2,0.0,0.0,12.020065,0.0,0.0,100.0
2025-08-27 22:00:00+00:00,17.3045,68.0,16.23615,996.5975,157.06787,10.163227,16.1045,0.168,1011.1,0.0,0.0,11.341909,0.0,0.0,100.0
2025-08-27 23:00:00+00:00,17.2045,67.0,16.09262,996.4939,162.89719,9.793058,15.9545,0.169,1011.0,0.0,0.0,11.022992,0.0,0.0,100.0
2025-08-28 00:00:00+00:00,16.404501,70.0,15.608339,996.05994,150.9455,7.4128532,14.554501,0.169,1010.6,0.0,0.0,10.918289,0.0,0.0,34.0
2025-08-28 01:00:00+00:00,16.0545,71.0,15.239763,995.7471,147.09476,7.289445,14.5045,0.17,1010.3,0.0,0.0,10.796109,0.0,0.0,100.0
2025-08-28 02:00:00+00:00,15.6545,75.0,15.351887,996.02277,147.52882,4.6938257,14.054501,0.171,1010.6,0.0,0.0,11.236764,0.0,0.0,100.0
2025-08-28 03:00:00+00:00,14.6045,83.0,14.277191,995.4771,115.01687,5.95906,13.304501,0.171,1010.1,0.0,0.0,11.749035,0.0,0.0,100.0
2025-08-28 04:00:00+00:00,14.4045,83.0,13.920998,994.87573,119.357666,6.6087217,12.8545,0.172,1009.5,0.0,0.0,11.553446,0.0,0.0,0.0
2025-08-28 05:00:00+00:00,14.804501,83.0,14.358374,994.7972,126.86999,7.2,14.6045,0.173,1009.4,0.0,0.0,11.944629,0.0,0.0,11.0
2025-08-28 06:00:00+00:00,17.904501,73.0,17.67424,994.5573,122.27562,8.0899935,18.404501,0.173,1009.0,0.0,0.0,12.995947,0.0,0.0,76.0
2025-08-28 07:00:00+00:00,20.8045,62.0,19.825375,994.8957,128.65984,13.830749,21.154501,0.172,1009.2,0.0,0.0,13.257981,0.0,0.0,100.0
2025-08-28 08:00:00+00:00,22.2545,58.0,21.741713,994.7682,118.1785,11.435313,22.8045,0.171,1009.0,0.0,0.0,13.596476,0.0,0.0,100.0
2025-08-28 09:00:00+00:00,25.6045,51.0,25.1224,993.7431,112.067955,14.372974,26.8545,0.168,1007.8,0.0,0.0,14.719626,0.0,0.0,0.0
2025-08-28 10:00:00+00:00,27.904501,46.0,27.497332,992.56757,125.6765,17.283749,28.1045,0.165,1006.5,0.0,0.0,15.21959,0.0,0.0,100.0
2025-08-28 11:00:00+00:00,30.0045,39.0,28.74413,992.3674,165.4655,20.082708,29.4545,0.162,1006.2,0.0,0.0,14.544258,0.0,0.0,100.0
2025-08-28 12:00:00+00:00,31.0545,34.0,29.122974,991.52704,166.86597,22.180206,31.154501,0.159,1005.3,0.0,0.0,13.355505,0.0,0.0,66.0
2025-08-28 13:00:00+00:00,31.654501,30.0,28.642159,990.56775,173.24652,27.551172,31.154501,0.155,1004.3,0.0,0.0,11.966105,0.0,0.0,4.0
2025-08-28 14:00:00+00:00,31.5045,31.0,28.677433,990.3638,179.1575,24.482647,30.404501,0.152,1004.1,0.0,0.0,12.335072,0.0,0.0,100.0
2025-08-28 15:00:00+00:00,30.0545,37.0,27.713057,990.29865,192.80426,24.36591,28.0545,0.15,1004.1,0.0,0.0,13.775636,0.0,0.0,78.0
2025-08-28 16:00:00+00:00,29.904501,37.0,28.484352,989.60156,150.83249,17.727943,27.904501,0.149,1003.4,0.0,0.0,13.642982,0.0,0.0,77.0
2025-08-28 17:00:00+00:00,28.3045,45.0,28.391556,989.1343,155.85446,11.440979,25.5045,0.149,1003.0,0.0,0.0,15.240255,0.0,0.0,92.0
2025-08-28 18:00:00+00:00,25.404501,54.0,25.593733,989.0007,140.19447,11.246759,22.654501,0.15,1003.0,0.0,0.0,15.4238405,0.0,0.0,84.0
2025-08-28 19:00:00+00:00,23.404501,57.0,23.44789,989.10443,167.00539,9.605998,21.5045,0.151,1003.2,0.0,0.0,14.403117,0.0,0.0,100.0
2025-08-28 20:00:00+00:00,23.654501,54.0,22.42058,990.2008,230.19447,16.870138,22.404501,0.152,1004.3,0.0,0.0,13.801158,0.0,0.0,82.0
2025-08-28 21:00:00+00:00,22.2545,75.0,22.877205,990.13446,293.38525,14.512064,21.4545,0.153,1004.3,0.0,0.0,17.610497,0.0,0.0,92.0
2025-08-28 22:00:00+00:00,21.1045,82.0,21.698675,991.1639,277.9434,15.629972,20.404501,0.154,1005.4,0.0,0.0,17.911144,0.0,0.0,89.0
2025-08-28 23:00:00+00:00,20.2045,83.0,21.742523,990.7263,293.9625,7.0911775,19.654501,0.156,1005.0,0.0,0.0,17.224276,0.0,0.0,100.0
2025-08-29 00:00:00+00:00,19.654501,86.0,21.954103,990.897,201.80147,1.9386592,18.5545,0.157,1005.2,0.0,0.0,17.247013,0.0,0.0,88.0
2025-08-29 01:00:00+00:00,18.6045,91.0,20.412653,991.24023,233.97253,4.8965297,18.5545,0.159,1005.6,0.0,0.0,17.10591,0.0,0.0,100.0
2025-08-29 02:00:00+00:00,18.8045,91.0,21.144136,991.3485,281.3099,1.835647,18.7045,0.16,1005.7,0.0,0.1,17.303627,0.0,0.0,99.0
2025-08-29 03:00:00+00:00,18.2545,94.0,19.901989,989.7445,93.17977,6.489992,17.8545,0.218,1004.1,0.0,0.0,17.27199,0.0,0.0,88.0
2025-08-29 04:00:00+00:00,17.8045,95.0,19.532446,990.1167,140.71062,5.1165614,17.404501,0.21,1004.5,0.0,0.0,16.992304,0.0,0.0,85.0
2025-08-29 05:00:00+00:00,18.2045,94.0,19.946938,990.2349,145.30478,5.692099,18.3545,0.206,1004.6,0.0,0.0,17.222364,0.0,0.0,100.0
2025-08-29 06:00:00+00:00,19.3545,90.0,21.164698,989.3052,80.53775,6.5693827,19.5545,0.205,1003.6,0.0,0.4,17.671877,0.0,0.0,98.0
2025-08-29 07:00:00+00:00,19.9545,89.0,21.663115,989.1369,117.64589,8.534353,20.7045,0.205,1003.4,0.0,0.3,18.086216,0.0,0.0,97.0
2025-08-29 08:00:00+00:00,20.154501,90.0,21.502733,988.94934,124.159744,12.181624,19.8545,0.204,1003.2,0.0,0.1,18.46164,0.0,0.0,100.0
2025-08-29 09:00:00+00:00,22.5545,77.0,23.627125,987.78265,127.47626,13.608762,24.3545,0.202,1001.9,0.0,0.4,18.319077,0.0,0.0,78.0
2025-08-29 10:00:00+00:00,24.5545,66.0,25.05309,987.67944,176.09958,15.876775,24.1045,0.199,1001.7,0.0,0.0,17.78424,0.0,0.0,100.0
2025-08-29 11:00:00+00:00,22.5545,79.0,23.311241,988.17694,251.56496,17.076298,23.2545,0.198,1002.3,0.0,0.1,18.72863,0.0,0.0,94.0
2025-08-29 12:00:00+00:00,23.0545,68.0,21.730131,989.5809,272.29056,27.021591,24.8545,0.208,1003.7,0.0,0.0,16.828768,0.0,0.0,85.0
2025-08-29 13:00:00+00:00,23.8045,63.0,23.131521,989.91174,282.8477,21.046917,26.0045,0.203,1004.0,0.0,0.0,16.338957,0.0,0.0,44.0
2025-08-29 14:00:00+00:00,23.3045,63.0,22.88625,990.48004,287.6502,16.62249,23.904501,0.2,1004.6,0.0,0.0,15.866519,0.0,0.0,100.0
2025-08-29 15:00:00+00:00,23.2045,63.0,23.910578,990.47504,315.0001,8.654987,24.1045,0.194,1004.6,0.0,0.0,15.772021,0.0,0.0,100.0
2025-08-29 16:00:00+00:00,23.0545,64.0,24.36019,990.764,333.43503,4.829907,22.8545,0.193,1004.9,0.0,0.0,15.876506,0.0,0.0,100.0
2025-08-29 17:00:00+00:00,22.2045,72.0,24.223635,990.5264,360.0,2.8799999,20.7545,0.193,1004.7,0.0,0.0,16.916624,0.0,0.0,100.0
2025-08-29 18:00:00+00:00,20.5545,77.0,22.22338,990.4474,16.699326,3.7585104,18.8545,0.193,1004.7,0.0,0.0,16.382124,0.0,0.0,54.0
2025-08-29 19:00:00+00:00,19.4545,83.0,21.04486,990.8874,51.34017,4.6102495,18.0545,0.193,1005.2,0.0,0.0,16.491138,0.0,0.0,100.0
2025-08-29 20:00:00+00:00,19.0545,85.0,20.553131,990.572,33.6901,5.1919937,18.5045,0.194,1004.9,0.0,0.0,16.473932,0.0,0.0,100.0
2025-08-29 21:00:00+00:00,18.9545,86.0,20.647364,990.9616,322.12494,4.1046314,18.404501,0.196,1005.3,0.0,0.0,16.559767,0.0,0.0,100.0
2025-08-29 22:00:00+00:00,18.0045,93.0,19.872175,991.01385,106.699326,3.7585104,17.7545,0.214,1005.4,0.0,0.8,16.85511,0.0,0.0,100.0
2025-08-29 23:00:00+00:00,17.9545,94.0,19.268234,991.8984,149.9315,7.9036193,17.9545,0.269,1006.3,0.0,1.3,16.974241,0.0,0.0,100.0
2025-08-30 00:00:00+00:00,18.154501,95.0,19.203033,990.6267,53.13002,10.799999,18.154501,0.33,1005.0,0.0,6.3999996,17.340128,0.0,0.0,100.0
2025-08-30 01:00:00+00:00,17.9545,96.0,19.130775,990.5185,28.442837,9.826088,17.9545,0.31,1004.9,0.0,0.0,17.306953,0.0,0.0,100.0
2025-08-30 02:00:00+00:00,17.7545,95.0,18.798775,990.41,63.435013,9.659814,17.404501,0.296,1004.8,0.0,0.0,16.942614,0.0,0.0,100.0
2025-08-30 03:00:00+00:00,17.7545,91.0,18.19197,988.93146,91.73567,11.885453,17.404501,0.273,1003.3,0.0,0.0,16.265604,0.0,0.0,98.0
2025-08-30 04:00:00+00:00,17.7045,91.0,18.288876,989.81604,166.42955,10.739833,17.3545,0.268,1004.2,0.0,0.0,16.216171,0.0,0.0,94.0
2025-08-30 05:00:00+00:00,17.7045,89.0,18.31355,989.81604,167.00539,9.605998,17.5045,0.266,1004.2,0.0,0.0,15.867936,0.0,0.0,68.0
2025-08-30 06:00:00+00:00,18.2045,86.0,18.30275,990.5307,226.12321,12.984975,18.0545,0.263,1004.9,0.0,0.0,15.823395,0.0,0.0,100.0
2025-08-30 07:00:00+00:00,18.6045,88.0,18.165405,991.4374,265.60138,18.775301,18.904501,0.263,1005.8,0.0,0.0,16.577362,0.0,0.0,97.0
2025-08-30 08:00:00+00:00,18.8545,85.0,18.238804,992.23804,286.38962,19.137648,19.6045,0.261,1006.6,0.0,0.0,16.277845,0.0,0.0,93.0
2025-08-30 09:00:00+00:00,21.0545,71.0,20.470486,992.64056,283.44864,17.026896,23.0545,0.257,1006.9,0.0,0.0,15.593338,0.0,0.0,45.0
2025-08-30 10:00:00+00:00,22.2045,64.0,21.426455,993.58264,279.27252,17.873556,24.7545,0.252,1007.8,0.0,0.0,15.071674,0.0,0.0,74.0
2025-08-30 11:00:00+00:00,23.154501,58.0,22.93478,993.9236,290.55612,12.303366,25.3545,0.248,1008.1,0.0,0.0,14.4386,0.0,0.0,64.0
2025-08-30 12:00:00+00:00,24.3045,51.0,24.194391,994.47095,287.74475,9.449572,26.0545,0.244,1008.6,0.0,0.0,13.522607,0.0,0.0,100.0
2025-08-30 13:00:00+00:00,24.5545,51.0,24.466354,994.48285,301.75943,8.891343,27.2045,0.24,1008.6,0.0,0.0,13.75284,0.0,0.0,100.0
2025-08-30 14:00:00+00:00,24.7045,49.0,24.59467,994.48975,313.1524,7.8954163,25.3545,0.237,1008.6,0.0,0.0,13.2759285,0.0,0.0,100.0
2025-08-30 15:00:00+00:00,23.5045,53.0,23.800661,995.12335,312.27362,5.3517847,22.6045,0.236,1009.3,0.0,0.0,13.374803,0.0,0.0,100.0
2025-08-30 16:00:00+00:00,22.7545,59.0,23.481249,994.8905,261.2539,4.73506,21.654501,0.235,1009.1,0.0,0.0,14.328409,0.0,0.0,100.0
2025-08-30 17:00:00+00:00,21.904501,67.0,23.414349,995.0471,333.43503,2.4149535,20.3545,0.235,1009.3,0.0,0.0,15.50045,0.0,0.0,100.0
2025-08-30 18:00:00+00:00,20.6045,72.0,21.854752,995.8718,291.80148,3.8773184,19.154501,0.236,1010.2,0.0,0.0,15.379597,0.0,0.0,100.0
2025-08-30 19:00:00+00:00,19.904501,73.0,21.12451,995.93665,270.0,2.8799999,18.2545,0.236,1010.3,0.0,0.0,14.921134,0.0,0.0,100.0
2025-08-30 20:00:00+00:00,18.654501,81.0,19.24275,996.3684,272.4895,8.287822,18.2545,0.236,1010.8,0.0,0.0,15.328404,0.0,0.0,100.0
2025-08-30 21:00:00+00:00,18.154501,83.0,18.307043,997.0337,301.60745,10.990322,17.8045,0.236,1011.5,0.0,0.0,15.220257,0.0,0.0,100.0
2025-08-30 22:00:00+00:00,17.4545,83.0,17.870152,997.09784,299.0545,7.4128532,17.1045,0.235,1011.6,0.0,0.0,14.5358715,0.0,0.0,100.0
2025-08-30 23:00:00+00:00,16.9545,86.0,17.674095,997.36884,293.1986,5.4833565,16.7545,0.235,1011.9,0.0,0.0,14.596024,0.0,0.0,100.0
2025-08-31 00:00:00+00:00,16.6045,91.0,17.173807,997.54834,294.22772,7.8954163,16.404501,0.235,1012.1,0.0,0.0,15.128667,0.0,0.0,87.0
2025-08-31 01:00:00+00:00,16.8045,88.0,17.339052,997.4599,302.90524,7.289445,16.7545,0.235,1012.0,0.0,0.0,14.805054,0.0,0.0,97.0
2025-08-31 02:00:00+00:00,15.9545,91.0,16.297533,997.5161,303.6901,7.7879906,15.7045,0.235,1012.1,0.0,0.0,14.486028,0.0,0.0,81.0
2025-08-31 03:00:00+00:00,15.6045,90.0,15.831991,997.39996,302.90524,7.289445,15.4045,0.226,1012.0,0.0,0.0,13.969479,0.0,0.0,94.0
2025-08-31 04:00:00+00:00,15.4545,88.0,15.770485,997.5896,293.1986,5.4833565,15.3545,0.226,1012.2,0.0,0.0,13.475694,0.0,0.0,90.0
2025-08-31 05:00:00+00:00,15.5045,86.0,15.418781,997.98627,286.6993,7.5170207,15.7545,0.225,1012.6,0.0,0.0,13.172141,0.0,0.0,76.0
2025-08-31 06:00:00+00:00,16.5045,83.0,16.669735,998.7262,288.43503,6.830519,17.8545,0.225,1013.3,0.0,0.0,13.607004,0.0,0.0,63.0
2025-08-31 07:00:00+00:00,18.0545,79.0,18.143063,999.09875,300.57913,9.19939,20.404501,0.224,1013.6,0.0,0.0,14.356274,0.0,0.0,23.0
2025-08-31 08:00:00+00:00,19.8545,74.0,20.517302,999.4829,315.0001,7.127636,23.2545,0.222,1013.9,0.0,0.0,15.084461,0.0,0.0,53.0
2025-08-31 09:00:00+00:00,21.6045,65.0,22.70515,999.07477,336.0375,3.5455887,25.0545,0.219,1013.4,0.0,0.0,14.743773,0.0,0.0,30.0
2025-08-31 10:00:00+00:00,22.5545,60.0,22.964321,998.9234,336.0375,7.0911775,24.7545,0.216,1013.2,0.0,0.0,14.400664,0.0,0.0,44.0
2025-08-31 11:00:00+00:00,23.404501,54.0,23.257738,998.8653,333.43503,8.854829,25.6045,0.213,1013.1,0.0,0.0,13.569282,0.0,0.0,87.0
2025-08-31 12:00:00+00:00,23.8545,52.0,23.879953,998.7881,8.530692,7.2805495,26.2045,0.21,1013.0,0.0,0.0,13.405914,0.0,0.0,87.0
2025-08-31 13:00:00+00:00,24.154501,52.0,24.4969,998.90076,356.42374,5.771239,26.7045,0.208,1013.1,0.0,0.0,13.682875,0.0,0.0,65.0
2025-08-31 14:00:00+00:00,24.404501,52.0,24.753529,998.81415,346.75946,6.28713,26.2045,0.205,1013.0,0.0,0.0,13.913655,0.0,0.0,54.0
2025-08-31 15:00:00+00:00,23.8045,55.0,24.236244,998.58826,33.6901,6.489992,24.2045,0.205,1012.8,0.0,0.0,14.22347,0.0,0.0,82.0
2025-08-31 16:00:00+00:00,23.404501,55.0,23.964449,998.66815,57.528828,4.6938257,22.6045,0.204,1012.9,0.0,0.0,13.851659,0.0,0.0,76.0
2025-08-31 17:00:00+00:00,22.4545,66.0,24.030155,998.5241,156.80138,2.7416782,20.904501,0.205,1012.8,0.0,0.0,15.788759,0.0,0.0,83.0
2025-08-31 18:00:00+00:00,20.5545,67.0,21.189163,998.43243,171.86998,5.0911684,19.0545,0.206,1012.8,0.0,0.0,14.2147665,0.0,0.0,67.0
2025-08-31 19:00:00+00:00,19.2045,72.0,19.968859,998.85974,196.69933,3.7585104,17.904501,0.207,1013.3,0.0,0.0,14.034398,0.0,0.0,72.0
2025-08-31 20:00:00+00:00,18.4545,77.0,19.432795,998.52704,249.44386,3.0758414,17.3045,0.208,1013.0,0.0,0.0,14.34782,0.0,0.0,80.0
2025-08-31 21:00:00+00:00,18.1045,80.0,19.30527,998.5098,9.462248,2.1897945,17.2545,0.209,1013.0,0.0,0.0,14.599637,0.0,0.0,95.0
2025-08-31 22:00:00+00:00,18.0045,79.0,19.36434,997.9137,360.0,0.35999998,16.404501,0.21,1012.4,0.0,0.0,14.307678,0.0,0.0,70.0
2025-08-31 23:00:00+00:00,17.7545,79.0,18.79585,997.9997,68.19853,1.9386592,15.804501,0.21,1012.5,0.0,0.0,14.064706,0.0,0.0,46.0
